-- phpMyAdmin SQL Dump
-- version 5.2.1
-- https://www.phpmyadmin.net/
--
-- Servidor: 127.0.0.1
-- Tiempo de generación: 16-04-2026 a las 13:33:39
-- Versión del servidor: 10.4.32-MariaDB
-- Versión de PHP: 8.2.12

SET SQL_MODE = "NO_AUTO_VALUE_ON_ZERO";
START TRANSACTION;
SET time_zone = "+00:00";


/*!40101 SET @OLD_CHARACTER_SET_CLIENT=@@CHARACTER_SET_CLIENT */;
/*!40101 SET @OLD_CHARACTER_SET_RESULTS=@@CHARACTER_SET_RESULTS */;
/*!40101 SET @OLD_COLLATION_CONNECTION=@@COLLATION_CONNECTION */;
/*!40101 SET NAMES utf8mb4 */;

--
-- Base de datos: `tft`
--

-- --------------------------------------------------------

--
-- Estructura de tabla para la tabla `campeon`
--

CREATE TABLE `campeon` (
  `idCampeon` int(11) NOT NULL,
  `nombreCampeon` varchar(50) NOT NULL,
  `coste` int(11) DEFAULT NULL,
  `armor` int(11) DEFAULT NULL,
  `mr` int(11) DEFAULT NULL,
  `speed` decimal(4,2) DEFAULT NULL,
  `manaInicial` int(11) DEFAULT NULL,
  `manaMaximo` int(11) DEFAULT NULL,
  `rango` int(11) DEFAULT NULL,
  `nombreHabilidad` varchar(50) DEFAULT NULL,
  `descripcionHabilidad` varchar(200) DEFAULT NULL,
  `idSet` int(11) DEFAULT NULL,
  `imagen` varchar(255) DEFAULT NULL
) ENGINE=InnoDB DEFAULT CHARSET=utf8mb4 COLLATE=utf8mb4_general_ci;

--
-- Volcado de datos para la tabla `campeon`
--

INSERT INTO `campeon` (`idCampeon`, `nombreCampeon`, `coste`, `armor`, `mr`, `speed`, `manaInicial`, `manaMaximo`, `rango`, `nombreHabilidad`, `descripcionHabilidad`, `idSet`, `imagen`) VALUES
(1, 'Aatrox', 5, 55, 55, 0.90, 0, 20, 1, 'The Darkin Blade', '\"On cast, cycle through one of the following abilities: Slash in a line, dealing 115/210/2500 physical damage to enemies hit and 20% Sundering them for 4 seconds. Swipe in a cone, dealing 138/252/3000', 1, 'Fotos tft/Campeones/Aatrox.png'),
(2, 'Ahri', 3, 25, 25, 0.80, 0, 30, 4, 'Fox-Fire', '\"Fire 3 flames at target, each dealing 82/125/225 magic damage. Every 3rd cast, fire 9 flames split between the target and up to 2 nearby enemies. If there are nearby enemies, dash away.\"', 1, 'Fotos tft/Campeones/Ahri.png'),
(3, 'Ambessa', 4, 60, 60, 0.90, 0, 20, 1, 'Lacerate', '\"Swipe and dash around target, dealing 50/75/350 physical damage to enemies in the path. Then slam chains on target, dealing 50/75/350 physical damage in a line. If any enemies are killed, immediately', 1, 'Fotos tft/Campeones/Ambessa.png'),
(4, 'Anivia', 1, 20, 20, 0.75, 0, 40, 4, 'Frostbite', '\"Fire an ice shard at target that deals 325/455/650 magic damage. If they are Chilled, the damage Critically Strikes.\"', 1, 'Fotos tft/Campeones/Anivia.png'),
(5, 'Annie', 5, 30, 30, 0.85, 0, 160, 4, 'Enraged Inferno', '\"Erupt the entire battlefield in flames, permanently Burning and Wounding all enemies and dealing 1500/2250/8000 magic damage to each of them over 45 seconds. Annie\'s max Mana is reduced by 140 for th', 1, 'Fotos tft/Campeones/Annie.png'),
(6, 'Aphelios', 2, 20, 20, 0.75, 0, 40, 4, 'Incendiary Onslaught', '\"Start with Infernum equipped. On cast, switch to Severum for 8 attacks. Infernum: Attacks hit 3 enemies and apply 30% Sunder for 6 seconds. Severum: Gain 200% Attack Speed and 10% Omnivamp. Attacks a', 1, 'Fotos tft/Campeones/Aphelios.png'),
(7, 'Ashe', 2, 20, 20, 0.75, 20, 50, 4, 'True Ice Arrow', '\"Fire an arrow at target that deals 155/225/340 physical damage to them and 51/74/112 damage to adjacent enemies. Targets below 30% max Health take true damage instead. 30% Chill all enemies hit for 3', 1, 'Fotos tft/Campeones/Ashe.png'),
(8, 'Aurelion Sol', 7, 40, 40, 0.80, 0, 85, 4, 'The Skies Descend', '\"Passive: For every 250 ability damage dealt to enemies in player combat, gain Stardust. Stardust makes The Skies Descend more powerful. (Current Stardust: X) Active: Crash a star on target, dealing 5', 1, 'Fotos tft/Campeones/Aurelion Sol.png'),
(9, 'Azir', 5, 30, 30, 0.85, 20, 40, 4, 'Arise!', '\"Passive: After witnessing 3 attacks from Azir, Sand Soldiers deal 100/150/3000 magic damage to their target. Active: Summon a Sand Soldier near target and command them to strike. If 2 Soldiers are al', 1, 'Fotos tft/Campeones/Azir.png'),
(10, 'Bard', 2, 20, 20, 0.75, 0, 55, 4, 'Traveler\'s Call', '\"Launch 6 Meeps at nearby enemies that deal 130/185/255 magic damage. Add an additional Meep for each 3-star unit on your board.\"', 1, 'Fotos tft/Campeones/Bard.png'),
(11, 'Baron Nashor', 7, 85, 85, 0.50, 0, 50, 2, 'Wrath of the Void', '\"Passive: Immune to Crowd Control effects. Attacks deal damage in a line on target. If no enemies are in range, dash to the next one and knock up adjacent enemies on arrival. While in the Void Rift, e', 1, 'Fotos tft/Campeones/Baron Nashor.png'),
(12, 'Bel\'Veth', 4, 50, 50, 0.85, 0, 100, 2, 'Endless Banquet', '\"Passive: On takedown, gain 75/75/200% Attack Speed that decays over 3 seconds. Active: Deal 150/225/900 physical damage in a 2 hex radius and transform for the rest of combat. While transformed, gain', 1, 'Fotos tft/Campeones/Bel\'Veth.png'),
(13, 'Blitzcrank', 1, 40, 40, 0.55, 60, 105, 1, 'Static Field', '\"Gain 400/480/600 Shield for 4 seconds and deal 56/84/126 magic damage to all enemies within 1 hex.\"', 1, 'Fotos tft/Campeones/Blitzcrank.png'),
(14, 'Braum', 4, 60, 60, 0.60, 60, 106, 1, 'Unbreakable Frost', '\"Raise shield for 4 seconds, gaining 55/55/90% Durability and redirecting projectiles to towards Braum instead. When hit, deal 27/43/1245% magic damage to nearby enemies and 30% Chill them for 2 secon', 1, 'Fotos tft/Campeones/Braum.png'),
(15, 'Briar', 1, 35, 35, 0.75, 0, 40, 1, 'Blood Frenzy', '\"Leap to the furthest enemy within 2 hexes. For 4 seconds gain increased Move Speed, 25% Attack Damage, and 300/300/350% decaying Attack Speed.\"', 1, 'Fotos tft/Campeones/Briar.png'),
(16, 'Brock', 7, 60, 60, 0.50, 40, 100, 1, 'Seismic Slam', '\"Passive: Immune to crowd control effects. Attacks briefly knock up the target and deal 50% damage in a 1 hex radius around them. Active: Slam the ground, dealing 186/265/1617 physical damage to ALL e', 1, 'Fotos tft/Campeones/Brock.png'),
(17, 'Caitlin', 1, 15, 15, 0.75, 0, 80, 5, 'Ace in the Hole', '\"Fire a bullet towards the farthest enemy, dealing 515/775/1205 physical damage to the first enemy it hits. If they die, the bullet ricochets, dealing excess damage to the next enemy hit.\"', 1, 'Fotos tft/Campeones/Caitlin.png'),
(18, 'Cho\'Gath', 2, 45, 45, 0.60, 40, 100, 1, 'Rupture', '\"Restore 200/225/400 Health and rupture a 2 hex circle beneath target. After a brief delay, enemies within are knocked up for 1.5 seconds and take 88/152/248 magic damage.\"', 1, 'Fotos tft/Campeones/Cho\'Gath.png'),
(19, 'Darius', 3, 50, 50, 0.65, 20, 65, 1, 'Decimate', '\"Restore 345/523/857 Health and spin, dealing 90/135/210 physical damage to adjacent enemies and applying a stack of Hemorrhage that deals 12/18/30 physical damage each second for 5 seconds. If an ene', 1, 'Fotos tft/Campeones/Darius.png'),
(20, 'Diana', 4, 70, 70, 0.80, 0, 30, 1, 'Lunar Rush', '\"Passive: Ability damage from your strongest Leona and strongest Diana marks enemies as Moonlit, reducing their damage by 10%. Active: Gain 100/175/300 Shield. Unleash a bolt of lunar energy at the fa', 1, 'Fotos tft/Campeones/Diana.png'),
(21, 'Draven', 3, 25, 25, 0.75, 600, 100, 4, 'Spinning Axes', '\"Passive: If Draven has an empowered axe in hand, his next attack will throw it. On takedown, gain an Adoration stack, doubled if Draven or Darius scored the kill. Every 11 Adoration stacks grants 1/3', 1, 'Fotos tft/Campeones/Draven.png'),
(22, 'Dr. Mundo', 3, 50, 50, 0.60, 0, 60, 1, 'Maximum Dosage', '\"Bulk up for 5 seconds. While bulked, restore 114/192/325 Health every second and attacks deal 60/90/145 physical damage.\"', 1, 'Fotos tft/Campeones/Dr. Mundo.png'),
(23, 'Ekko', 2, 45, 45, 0.85, 0, 40, 1, 'Parallel Convergence', '\"Create a 1 hex zone around the target that lasts 3 seconds. The next 3 attacks deal 160/240/380 bonus magic damage. When the zone ends, it deals 130/195/295 magic damage + 10% of the target\'s damage ', 1, 'Fotos tft/Campeones/Ekko.png'),
(24, 'Fiddlesticks', 5, 60, 60, 0.90, 30, 70, 2, 'Crowstorm', '\"Teleport into a large cluster of enemies within 2 hexes and Stun them for 1.25/1.25/99 seconds. Begin losing 22 mana per second. While casting, deal 100/150/6666 magic damage per second to all enemie', 1, 'Fotos tft/Campeones/Fiddlesticks.png'),
(25, 'Fizz', 4, 50, 50, 0.90, 0, 10, 1, 'Playful Trickster', '\"Become briefly untargetable, then jump to the farthest enemy within 4 hexes, avoiding Tanks and Fighters, and deal 75/115/450 magic damage to adjacent enemies. For the next 4 attacks, gain 100% Attac', 1, 'Fotos tft/Campeones/Fizz.png'),
(26, 'Galio', 5, 55, 55, 0.90, 90, 140, 1, 'Inspirational Might', '\"Passive: Every 3rd attack deals 209/313/4950 magic damage in a circle around the target. Active: Dash into the largest group of units and inspire all allies within 2 hexes, granting them 500/600/2000', 1, 'Fotos tft/Campeones/Galio.png'),
(27, 'Gangplank', 3, 55, 55, 0.80, 0, 50, 1, 'Powder Kegs', '\"Toss barrels at the 3 nearest enemies and detonate them. They deal 215/325/525 damage, reduced by 25% for each barrel in the chain. Barrels reduce their target\'s Armor by 10, increased to 20 if the d', 1, 'Fotos tft/Campeones/Gangplank.png'),
(28, 'Garen', 4, 60, 60, 0.60, 50, 130, 1, 'Judgement', '\"Spin for 3 seconds, gaining 50/50/80% Durability and healing for 370/516/1589 over the duration. Each second, deal 100/150/1700 physical damage to adjacent enemies and reduce their Armor and Magic Re', 1, 'Fotos tft/Campeones/Garen.png'),
(29, 'Graves', 2, 45, 45, 0.70, 0, 50, 2, 'Collateral Damage', '\"Passive: Attacks fire in a cone on target, dealing 45% damage to other enemies hit. Active: Fire an explosive shell at target, dealing 200/300/495 physical damage split among enemies in a 1 hex circl', 1, 'Fotos tft/Campeones/Graves.png'),
(30, 'Gwen', 3, 55, 55, 0.80, 0, 30, 2, 'Snip Snip!', '\"Dash around target and snip 5 times, dealing 50/75/120 magic damage to them and 25/35/60 damage to all other enemies in a cone.\"', 1, 'Fotos tft/Campeones/Gwen.png'),
(31, 'Illaoi', 1, 40, 40, 0.60, 40, 100, 1, 'Tentacle Smash', '\"Restore 249/328/439 Health and slam a tentacle, dealing 180/270/405 physical damage to enemies in a line.\"', 1, 'Fotos tft/Campeones/Illaoi.png'),
(32, 'Jarvan IV', 1, 40, 40, 0.60, 30, 100, 1, 'Demacian Standard', '\"Gain 350/425/500 Shield for 4 seconds. Grant all allies 20/25/50% Attack Speed for 4 seconds.\"', 1, 'Fotos tft/Campeones/Jarvan IV.png'),
(33, 'Jhin', 1, 24, 24, 0.70, 0, 70, 4, 'Curtain Call', '\"For the next 4 attacks, set Attack Speed to 1, gain infinite range and replace attacks with a cannon shot. Cannon shots deal 160/237/359 physical damage. The 4th shot deals 144% more damage.\"', 1, 'Fotos tft/Campeones/Jhin.png'),
(34, 'Jinx', 3, 25, 25, 0.75, 0, 18, 4, 'Switcheroo!', '\"Passive: After attacking 18/18/16 times, switch to Fishbones. While equipped, attacks are replaced with 3 rockets that target random enemies and deal 58/88/159 physical damage.\"', 1, 'Fotos tft/Campeones/Jinx.png'),
(35, 'Kai\'Sa', 4, 30, 30, 0.50, 0, 10, 5, 'Icathian Rain', '\"Dash away from all enemies, then fire 15/15/25 missiles split across the 4 nearest enemies. Each missile deals 48/77/170 physical damage.\"', 1, 'Fotos tft/Campeones/Kai\'Sa.png'),
(36, 'Kalista', 4, 30, 30, 0.85, 20, 65, 4, 'Endless Rend', '\"Summon 25 spears split among the 4 nearest enemies. After a brief delay, they each impale their target, dealing 33/53/465 physical damage and reducing Armor by 1.\"', 1, 'Fotos tft/Campeones/Kalista.png'),
(37, 'Kennen', 3, 50, 50, 0.65, 70, 125, 1, 'Slicing Maelstrom', '\"Gain 600/700/900 Shield and summon storm of lightning. 6 waves of bolts hit enemies within, dealing 120/180/290 magic damage over 3 seconds. The first 3 targets to be struck by 3 bolts are Stunned fo', 1, 'Fotos tft/Campeones/Kennen.png'),
(38, 'Kindred', 5, 40, 40, 0.90, 80, 200, 4, 'Lamb\'s Respite', '\"Dash, then create a 2-hex radius zone for 2.5/2.5/99 seconds that shields allies within from dying. While active, double current Attack Speed and on attack, fire a secondary arrow at a nearby enemy t', 1, 'Fotos tft/Campeones/Kindred.png'),
(39, 'Kobuko & Yummi', 3, 50, 50, 0.65, 30, 90, 1, 'You & Me!', '\"Passive: Yuumi joins your strongest Kobuko. Every 3 seconds, she alternates between healing the lowest Health ally for 140/180/240 Health or granting 25/33/50% Attack Speed to the ally who has dealt ', 1, 'Fotos tft/Campeones/Kobuko & Yummi.png'),
(40, 'Kog\'Maw', 1, 15, 15, 0.70, 0, 30, 5, 'Caustic Spittle', '\"Deal 140/200/300 magic damage to target and reduce their Armor and Magic Resist by 8/10/15. Adjacent enemies are dealt 50% of the damage and effect.\"', 1, 'Fotos tft/Campeones/Kog\'Maw.png'),
(41, 'LeBlanc', 3, 25, 25, 0.75, 0, 60, 4, 'Distortions', '\"Summon 3 dashing mirror images that strike the target and up to 3 other nearby enemies. The target takes 300/450/800 magic damage and is Stunned for 1 second, while other units hit take 180/270/500 m', 1, 'Fotos tft/Campeones/LeBlanc.png'),
(42, 'Leona', 3, 60, 60, 0.65, 70, 120, 1, 'Solar Flare', '\"Passive: Reduce instances of incoming damage by 15/30/80. Your strongest Leona grants your strongest Diana 3/4/5 Ability Power every second she survives. Active: Call down sun beams on the 3/3/4 near', 1, 'Fotos tft/Campeones/Leona.png'),
(43, 'Lissandra', 4, 30, 30, 0.75, 20, 65, 4, 'Frozen Tomb', '\"Encase target in ice, Stunning them for 1 second and dealing 315/475/2800 magic damage. All enemies within 2 hexes of them split 415/625/2800 magic damage. If the target dies, shards fly out and spli', 1, 'Fotos tft/Campeones/Lissandra.png'),
(44, 'Loris', 3, 50, 50, 0.60, 70, 140, 1, 'Piltover Tussle', '\"Gain 700/800/1000 Shield for 4 seconds. Charge and knock the target backwards, Stunning them and units hit for 1.25 seconds and dealing 150/225/360 magic damage to them. After charging, force nearby ', 1, 'Fotos tft/Campeones/Loris.png'),
(45, 'Lucian & Senna', 5, 40, 40, 0.80, 0, 70, 4, 'The Culling', '\"Fire 12/12/42 shots towards target. Each shot explodes on the first enemy hit, dealing 83/132/900 physical damage to all nearby enemies.\"', 1, 'Fotos tft/Campeones/Lucian & Senna.png'),
(46, 'Lulu', 1, 15, 15, 0.70, 20, 70, 4, 'Whimsy', '\"Deal 330/500/750 magic damage to target and make them dance for 2 seconds. The projectile then bounces to the nearest target, dealing 140/210/315 magic damage.\"', 1, 'Fotos tft/Campeones/Lulu.png'),
(47, 'Lux', 4, 30, 30, 0.75, 0, 50, 4, 'Final Spark', '\"Fire a ball of light at the most enemies, dealing 30/45/100 magic damage to the first 2 enemies hit and Rooting them for 1 second. Then fire a beam, dealing 330/500/1600 magic damage to enemies hit b', 1, 'Fotos tft/Campeones/Lux.png'),
(48, 'Malzahar', 3, 25, 25, 0.80, 0, 35, 4, 'Void Swarm', '\"Summon 2 Voidlings that each attack a nearby enemy 8 times. Each attack deals 30/45/80 magic damage.\"', 1, 'Fotos tft/Campeones/Malzahar.png'),
(49, 'Mel', 5, 30, 30, 0.80, 30, 200, 4, 'Radiant Eclipse', '\"Passive: While gaining Mana, throw out 2/2/9 radiant orbs that orbit around target. They deal 65/100/150 magic damage in a 1 hex radius and drain 1 Mana from enemies hit each second. After draining 2', 1, 'Fotos tft/Campeones/Mel.png'),
(50, 'Milio', 3, 30, 30, 0.75, 0, 60, 4, 'Ultra Mega Fire Kick!!!', '\"Launch a fuemigo at target that bounces 3 times, dealing 190/285/445 magic damage to enemies hit. The last bounce deals 160/240/375 magic damage to enemies in a 1 hex radius.\"', 1, 'Fotos tft/Campeones/Milio.png'),
(51, 'Miss Fortune', 4, 30, 30, 0.75, 0, 30, 4, 'Heartbreaker', '\"Passive: Attacks ricochet to the highest current Health enemy, dealing 50/50/100% damage. Active: Fire waves of bullets that land on the 2/2/6 nearest enemies. The first wave deals 245/370/3070 physi', 1, 'Fotos tft/Campeones/Miss Fortune.png'),
(52, 'Nasus', 4, 70, 70, 0.65, 0, 0, 1, 'Fury of the Sands', '\"Steal 500/685/3000 Health split between the 4/4/8 nearest enemies. For 8 seconds, gain 30 Armor and Magic Resist and deal 22/40/583 magic damage to adjacent enemies each second.\"', 1, 'Fotos tft/Campeones/Nasus.png'),
(53, 'Nautilus', 3, 50, 50, 0.60, 60, 125, 1, 'Titan\'s Wrath', '\"Passive: Every 4 seconds and on cast, the next attack deals damage in a 1 hex circle and deals 45/68/108 bonus magic damage. Active: Gain 465/562/717 Shield for 4 seconds.\"', 1, 'Fotos tft/Campeones/Nautilus.png'),
(54, 'Neeko', 2, 45, 45, 0.60, 15, 65, 1, 'Pop Blossom', '\"Leap at target and gain 400/475/600 Shield for 4 seconds. Slam down after a brief delay, dealing 80/120/180 magic damage to enemies within two hexes and 20% Chilling them for 2 seconds.\"', 1, 'Fotos tft/Campeones/Neeko.png'),
(55, 'Nidalee', 4, 70, 70, 0.85, 0, 40, 1, 'Relentless Pounce', '\"Jump on an adjacent enemy with the lowest health, then deal 290/470/2000 magic damage to them and 100/150/600 magic damage to adjacent enemies. If any die, cast again, dealing 70% damage. Tanks take ', 1, 'Fotos tft/Campeones/Nidalee.png'),
(56, 'Orianna', 2, 20, 20, 0.70, 20, 50, 4, 'Command: Protect', '\"Send the Ball to target, dealing 200/300/550 magic damage and splitting 120/180/300 magic damage among enemies within a 1 hex circle. Then grant 60/90/130 Shield to the two lowest Health allies for 3', 1, 'Fotos tft/Campeones/Orianna.png'),
(57, 'Ornn', 5, 55, 55, 0.55, 50, 150, 1, 'Call of the Forge', '\"Summon an elemental from behind the farthest enemy. It 20% Chills enemies hit for 5 seconds and deals 100/150/3000 magic damage to them. When it arrives, headbutt it and redirect it toward another di', 1, 'Fotos tft/Campeones/Ornn.png'),
(58, 'Poppy', 2, 45, 45, 0.70, 40, 80, 1, 'Hammer Shock', '\"Gain 330/410/500 Shield for 4 seconds and deal 70/105/165 physical damage to target. After a delay, briefly knock them up and deal the damage again. Bucklers fly out from the target, granting 2 nearb', 1, 'Fotos tft/Campeones/Poppy.png'),
(59, 'Qiyana', 1, 35, 35, 0.75, 0, 30, 1, 'Clear The Brush', '\"Dash to a nearby hex and swing forward, dealing 180/270/445 physical damage to enemies in a 2-hex line.\"', 1, 'Fotos tft/Campeones/Qiyana.png'),
(60, 'Rek\'Sai', 2, 45, 45, 0.85, 0, 30, 1, 'Burrow', '\"Dash to the furthest enemy within 3 hexes and deal 160/240/360 physical damage to them. The next 3 attacks hit adjacent enemies and deal 110/165/300 physical damage.\"', 1, 'Fotos tft/Campeones/Rek\'Sai.png'),
(61, 'Renekton', 4, 70, 70, 0.90, 0, 30, 1, 'Slice and Dice', '\"Dash to the lowest Health enemy within 2 hexes, dealing 80/120/360 physical damage to all enemies in the path. Then slash 4 times, each dealing 55/85/600 physical damage. Subsquent casts increase the', 1, 'Fotos tft/Campeones/Renekton.png'),
(62, 'Rift Herald', 4, 60, 60, 0.60, 60, 125, 1, 'Wrap Armor', '\"Gain 300/425/2000 max Health and grow larger. Slam in a 2 Hex circle on the target, dealing 166/269/2428 magic damage to enemies hit. For 4 seconds, gain 25/25/80% Durability + 1% for each enemy targ', 1, 'Fotos tft/Campeones/Rift Herald.png'),
(63, 'Rumble', 1, 40, 40, 0.60, 40, 110, 1, 'Junkyard Titan', '\"Gain 350/430/550 Shield for 4 seconds. Fire a burst of flames, dealing 72/108/162 magic damage in a cone.\"', 1, 'Fotos tft/Campeones/Rumble.png'),
(64, 'Ryze', 7, 40, 40, 0.90, 0, 45, 4, 'Runic Overload', '\"Release a runic blast, dealing 250/430/1500 magic damage. It splits in two, dealing 33% of the damage to the closest two enemies. Each secondary blast splits an additional time.\"', 1, 'Fotos tft/Campeones/Ryze.png'),
(65, 'Sejuani', 3, 50, 50, 0.60, 40, 80, 1, 'Winter\'s Wrath', '\"Gain 525/575/775 Shield for 4 seconds. Strike in a cone and a line. Enemies hit take 70/105/170 magic damage and are 30% Chilled for 4 seconds. If they are already Chilled, Stun them for 1 second.\"', 1, 'Fotos tft/Campeones/Sejuani.png'),
(66, 'Seraphine', 4, 30, 30, 0.75, 0, 20, 4, 'Grand Encore', '\"Gain 3 notes. For each one active, deal 40/60/300 magic damage to a nearby enemy. While holding 12 notes on cast, consume them to project a wave of energy. Allies hit restore 40/80/400 Health. Enemie', 1, 'Fotos tft/Campeones/Seraphine.png'),
(67, 'Sett', 5, 50, 50, 0.90, 0, 0, 1, 'The Show Stopper', '\"Grab target and slam them forward, dealing 200/350/9999 + 2/5/900% of their max Health as magic damage to them. All other enemies within 3 hexes take 50% of the total damage.\"+', 1, 'Fotos tft/Campeones/Sett.png'),
(68, 'Shen', 1, 40, 40, 0.65, 30, 90, 1, 'Stand United', '\"Grant 250/325/425 Shield to this unit and a nearby damaged ally for 4 seconds.\"', 1, 'Fotos tft/Campeones/Shen.png'),
(69, 'Shyvana', 5, 60, 60, 0.70, 0, 80, 1, 'Dragon\'s Descent/ Flame Breath', '\"Dragon\'s Descent: Transform into a dragon, gaining 600/1000/9999 max Health. Briefly gain 20/20/90% Durability and dive-bomb into the largest group of enemies, dealing 100/150/3000 physical damage in', 1, 'Fotos tft/Campeones/Shyvana.png'),
(70, 'Singed', 4, 60, 60, 0.70, 0, 80, 1, 'Poison Trail', '\"Passive: Run around the battlefield, leaving a poison trail that lingers for 4 seconds. Poison trails deal 8/18/160 magic damage per second to enemies within. Gain 5 Mana each second. Active: For 4 s', 1, 'Fotos tft/Campeones/Singed.png'),
(71, 'Sion', 2, 40, 40, 0.55, 0, 70, 1, 'Soul Furnace', '\"Passive: Takedowns grant 18/20/50 permanent max Health. (Total: X) Active: Gain 226/272/334 Shield for 4 seconds. When it breaks, deal 26/47/84 magic damage to adjacent enemies.\"', 1, 'Fotos tft/Campeones/Sion.png'),
(72, 'Skarner', 4, 70, 70, 0.65, 60, 120, 1, 'Impale', '\"Passive: All allies gain 10/20/100 Armor. Active: Gain 750/950/3000 Shield for 4 seconds. Impale up to three nearby enemies in a line, dealing 8400/12600/175000% physical damage and Stunning them for', 1, 'Fotos tft/Campeones/Skarner.png'),
(73, 'Sona', 1, 15, 15, 0.70, 0, 30, 4, 'Power Chord', '\"Deal 130/195/300 magic damage to 2 nearby enemies and restore 30/40/65 Health to the lowest Health ally.\"', 1, 'Fotos tft/Campeones/Sona.png'),
(74, 'Swain', 4, 60, 60, 0.65, 40, 155, 1, 'Nevermove', '\"Passive: Each second, restore 36/52/158 Health and deal 20/30/90 magic damage to enemies within 1 Hex. Active: Open a demonic eye on the largest group of nearby enemies, dealing 100/150/1800 magic da', 1, 'Fotos tft/Campeones/Swain.png'),
(75, 'Sylas', 7, 80, 80, 0.90, 0, 30, 1, 'Stolen Might', '\"Cast one of three spells: Cataclysm: Leap on a nearby enemy. Deal 200/350/1000 magic damage to all enemies within 2 hexes and Stun them for 1.5/1.75/30 seconds. Demacian Justice: Deal 630/950/99999 m', 1, 'Fotos tft/Campeones/Sylas.png'),
(76, 'Tahm Kench', 5, 80, 80, 0.90, 0, 0, 2, 'Devour', '\"Devour target for 2.5 seconds, dealing 1200/1800/30000 magic damage and making them immune to other sources of damage. During this time, gain 30% Durability. If they are immune to crowd control, deal', 1, 'Fotos tft/Campeones/Tahm Kench.png'),
(77, 'Taric', 4, 60, 60, 0.66, 0, 0, 1, 'Starlight\'s Touch', '\"Passive: All allies gain 10/20/100 Magic Resist. Once per combat after dropping below 35% max Health, restore 300/700/2500 health over 2 seconds. Active: Gain 600/700/2500 Shield and grant the 2 lowe', 1, 'Fotos tft/Campeones/Taric.png'),
(78, 'Teemo', 2, 70, 70, 0.65, 0, 80, 1, 'Toxic Dart', '\"Shoot the closest unpoisoned enemy, dealing 130/200/375 magic damage and poisoning them for 8 seconds. Poisoned enemies take 35/55/100 magic damage each second.\"', 1, 'Fotos tft/Campeones/Teemo.png'),
(79, 'T-hex', 5, 20, 20, 0.75, 0, 30, 5, 'Hextech Arsenal', '\"Passive: Attacks fire a barrage of 4 bullets. Active: Gain 410/598/67022 Shield and begin consuming 30 mana per second. Each second while casting, fire a laser that deals 290/435/2150 physical damage', 1, 'Fotos tft/Campeones/T-hex.png'),
(80, 'Thresh', 5, 65, 65, 0.85, 0, 40, 1, 'The Box', '\"Passive: Each second, deal 30/50/400 magic damage to all enemies within 2 hexes. Heal for 75% of the damage dealt by this effect. Active: Create a prison of walls in a 2 hex radius that lasts 5/5/60 ', 1, 'Fotos tft/Campeones/Thresh.png'),
(81, 'Tibbers', 5, 80, 80, 0.75, 40, 100, 1, 'Enraged Inferno', '\"Erupt the entire battlefield in flames, permanently Burning and Wounding all enemies and dealing 1500/2250/8000 magic damage to each of them over 45 seconds. Annie\'s max Mana is reduced by 140 for th', 1, 'Fotos tft/Campeones/Tibbers.png'),
(82, 'Tristana', 2, 20, 20, 0.76, 0, 50, 4, 'Buster Shot', '\"Tristana fires a massive cannonball at the closest enemy, dealing physical damage. If they are within 2 hexes, knock them back 2 hexes and briefly Stun them.\"', 1, 'Fotos tft/Campeones/Tristana.png'),
(83, 'Tryndamere', 2, 45, 45, 0.75, 0, 50, 1, 'Undying Rage', '\"Become enraged for 5 seconds. While enraged, gain 15% Durability and attacks are replaced with a strike that deals 110/160/235 physical damage. Ignore 30% of Armor against Chilled enemies. Bloodsworn', 1, 'Fotos tft/Campeones/Tryndamere.png'),
(84, 'Twisted Fate', 2, 20, 20, 0.75, 0, 3, 4, 'Stacked Deck', '\"Passive: Attacks deal 50/75/115 bonus magic damage. After every 3rd attack, throw 3 cards in a cone that deal 70/105/160 magic damage, reduced by 50% for each enemy they pass through. Partners in Cri', 1, 'Fotos tft/Campeones/Twisted Fate.png'),
(85, 'Vayne', 3, 25, 25, 0.90, 0, 40, 5, 'Tumble', '\"Tumble to a nearby hex, then fire a bolt at target that deals 130/195/335 true damage.\"', 1, 'Fotos tft/Campeones/Vayne.png'),
(86, 'Veigar', 4, 30, 30, 0.80, 0, 60, 4, 'Dark Storm', '\"Passive: Gain 50% more Ability Power from all sources. Active: Call down a storm of 12/12/24 meteors across the battlefield that deal 56/84/199 magic damage each. They can innately critically strike.', 1, 'Fotos tft/Campeones/Veigar.png'),
(87, 'Vi', 2, 40, 40, 0.85, 0, 30, 1, 'Relentless Force', '\"Gain 125/150/175 Shield for 2 seconds. Slam on target, dealing 120/180/270 physical damage to enemies in a 1 hex range. Every third cast deals 150/225/340 damage in a 2 hex range instead and knocks u', 1, 'Fotos tft/Campeones/Vi.png'),
(88, 'Viego', 1, 35, 35, 0.75, 0, 30, 1, 'Blade of the Ruined King', '\"Passive: Gain 10% Attack Speed. Active: Deal 55/85/125 physical damage to target. For the rest of combat, Viego\'s attacks deal 18/27/42 bonus stacking magic damage.\"', 1, 'Fotos tft/Campeones/Viego.png'),
(89, 'Volibear', 5, 60, 60, 0.90, 0, 20, 1, 'The Relentless Storm', '\"Bite the target and mark them, dealing 136/215/2117 physical damage, increased by 60% if they are already marked. After casting 5/5/2 times, leap to a nearby hex, activating Stormbringer and dealing ', 1, 'Fotos tft/Campeones/Volibear.png'),
(90, 'Warwick', 4, 60, 60, 0.90, 0, 70, 1, 'Eternal Hunger', '\"Gain 100/100/400% Attack Speed, 15% Omnivamp, increased Move Speed, and deal 55/85/550 bonus physical damage on attack for the rest of combat. While this effect is active, takedowns grant Warwick, Ji', 1, 'Fotos tft/Campeones/Warwick.png'),
(91, 'Wukong', 4, 60, 60, 0.65, 30, 60, 1, 'Diverting Trickster', '\"Passive: On death, summon a Stone copy with 570/956/3361 Health and Wukong\'s items. Active: For 4 seconds, gain 100/110/400 Armor and Magic Resist. Then spin, dealing 150/225/3000 physical damage to ', 1, 'Fotos tft/Campeones/Wukong.png'),
(92, 'Xerath', 5, 30, 30, 0.80, 1, 135, 4, 'Eye of the Ascendant', '\"Launch 10/10/99 arcane blasts randomly split between the closest 4/4/10 enemies that each deal 390/650/2500 magic damage.\"', 1, 'Fotos tft/Campeones/Xerath.png'),
(93, 'Xin Zhao', 2, 45, 45, 0.65, 15, 75, 1, 'Three Talon Strike', '\"Strike target 3 times. Each strike deals 65/100/150 physical damage and restores 105/145/200 Health. The final one Stuns for 1.5 seconds.\"', 1, 'Fotos tft/Campeones/Xin Zhao.png'),
(94, 'Yasuo', 2, 45, 45, 0.80, 0, 30, 1, 'Sweeping Blade', '\"Dash, then deal 103/157/233 physical damage to adjacent enemies. If only one enemy is hit, deal double damage. Blade Brothers: When Yone casts, your strongest Yasuo blinks to every target Yone hits a', 1, 'Fotos tft/Campeones/Yasuo.png'),
(95, 'Yone', 4, 60, 60, 0.85, 30, 100, 1, 'Kin of the Stained Blade', '\"Passive: Attacks alternate between dealing 55/85/800 bonus physical damage and 110/165/1400 bonus magic damage. Active: Strike through the most enemies possible within 3 hexes, knocking them up for 1', 1, 'Fotos tft/Campeones/Yone.png'),
(96, 'Yorick', 2, 45, 45, 0.60, 15, 75, 1, 'Mourning Mist', '\"Restore 250/350/500 Health. Throw a globule of black mist at the enemy who has dealt the most damage this combat, preferring unique enemies. It 20% Chills them for 4 seconds and raises the Mana cost ', 1, 'Fotos tft/Campeones/Yorick.png'),
(97, 'Yunara', 4, 30, 30, 0.80, 0, 50, 4, 'Transcendent State', '\"For the next 4 seconds, gain 1/1/3 Attack Speed, infinite range, and replace attacks with lasers. Lasers deal 88/132/475 physical damage in a line, reduced by 75/75/30% for each enemy they pass throu', 1, 'Fotos tft/Campeones/Yunara.png'),
(98, 'Zaahen', 7, 80, 80, 1.10, 0, 40, 2, 'Divine Challenge', '\"Dash around target and slash in a circle, dealing 110/165/1700 physical damage to target and 44/66/680 physical damage to all other adjacent enemies hit. If the target doesn\'t die, immediately cast a', 1, 'Fotos tft/Campeones/Zaahen.png'),
(99, 'Ziggs', 5, 30, 30, 0.90, 0, 140, 5, 'Orbital Ordinance', '\"Passive: Attacks are bouncing bombs that deal magic damage to the first enemy hit. Active: Deal magic damage in a 1-hex radius centered on the target.\"', 1, 'Fotos tft/Campeones/Ziggs.png'),
(100, 'Zilean', 5, 30, 30, 0.90, 0, 35, 4, 'Visions of the End', '\"Throw a Time Bomb on the nearest enemy without one. Time Bombs deal 90/135/1000 magic damage each second. When the target dies, they explode, dealing 150/225/4000 magic damage in a 1 hex radius and g', 1, 'Fotos tft/Campeones/Zilean.png'),
(101, 'Zoe', 3, 25, 25, 0.80, 30, 60, 4, 'Double Trouble Bubble', '\"Passive: Damaging an enemy applies 30% Shred for 6 seconds. Active: Kick 2 bubbles at nearby enemies, dealing 330/500/1000 magic damage and 30% Chilling them for 2 seconds.\"', 1, 'Fotos tft/Campeones/Zoe.png');

-- --------------------------------------------------------

--
-- Estructura de tabla para la tabla `campeonbloqueado`
--

CREATE TABLE `campeonbloqueado` (
  `idCampeon` int(11) NOT NULL,
  `condicion` varchar(200) DEFAULT NULL
) ENGINE=InnoDB DEFAULT CHARSET=utf8mb4 COLLATE=utf8mb4_general_ci;

--
-- Volcado de datos para la tabla `campeonbloqueado`
--

INSERT INTO `campeonbloqueado` (`idCampeon`, `condicion`) VALUES
(1, '\"🔓UNLOCK: Field a unit with 30% Omnivamp in Combat + Level 8\"'),
(8, '\"🔓UNLOCK: Field Targon 5 in Combat\"'),
(10, '🔓UNLOCK: Reroll 3 times before Stage 2 Carousel'),
(11, '\"🔓UNLOCK: Level 10 + Void 7\"'),
(16, '\"🔓UNLOCK: Collect 500 Ixtal Clues total\"'),
(19, '\"🔓UNLOCK: 1 item equipped to Draven + Level 5\"'),
(20, '\"🔓UNLOCK: 1-star Leona with 3 items & Level 7\"'),
(25, '\"🔓UNLOCK: Field 5 Yordles or Bilgewater units + Level 7\"'),
(26, '\"🔓UNLOCK: 8 star levels of Demacia + level 8\"'),
(29, '\"🔓UNLOCK: Any Bilgewater champion with 2 items equipped\"'),
(30, '\"🔓UNLOCK: 10 souls & Level 5\"'),
(35, '\"🔓UNLOCK: Field a Longshot with 2 items in combat + Level 7\"'),
(36, '\"🔓UNLOCK: 30 souls & Level 7\"'),
(37, '\"🔓UNLOCK: 5 star levels of Ionia/Yordle/Defender & Level 5\"'),
(39, '\"🔓UNLOCK: 6 star levels of Bruiser/Invoker/Yordle & Level 6\"'),
(41, '\"🔓UNLOCK: Field a Sion with 2 items in combat\"'),
(49, '\"🔓UNLOCK: Ambessa with 1 item dies & Level 8\"'),
(52, '\"🔓UNLOCK: Lost 2/3/5 combats with Azir\"'),
(55, '\"🔓UNLOCK: 2-star Neeko with 3 items & Level 7\"'),
(56, '\"🔓UNLOCK: 2 items on a Piltover Champion\"'),
(58, '\"🔓UNLOCK: Field a Demacian or Yordle with 2 items in combat\"'),
(61, '\"🔓UNLOCK: Win 2/3/5 combats with Azir\"'),
(62, '\"🔓UNLOCK: Field Void for 2 combats + Level 7\"'),
(64, '\"🔓UNLOCK: Field 3 region traits together in combat + Level 9\"'),
(67, '\"🔓UNLOCK: Level 8 + Field only 1 unit in the first 2 rows of combat\"'),
(70, '\"🔓UNLOCK: Lose 35 Player Health + 4 Zaunites or Juggernauts\"'),
(72, '\"🔓UNLOCK: Caster or Marksman with 1 Chain Vest item + level 7\"'),
(75, '\"🔓UNLOCK: Sell a 2-star Garen + reach level 9\"'),
(76, '\"🔓UNLOCK: Spend 350 Silver Serpents + level 8\"'),
(79, '\"🔓UNLOCK: 7 star levels of Piltover + Level 8\"'),
(80, '\"🔓UNLOCK: 5 Shadow Isles star levels + Level 8\"'),
(83, '\"🔓UNLOCK: Field an Ashe with 1 item in combat\"'),
(86, '\"🔓UNLOCK: Field a yordle with 1 Rabadon\'s Deathcaps in combat\"'),
(89, '\"🔓UNLOCK: Level 8 + have a unit with 3400 Health\"'),
(90, '\"🔓UNLOCK: 1 item on Vi AND Jinx + Level 7\"'),
(92, '\"🔓UNLOCK: Alternate winning and losing 3/4/6 times with Azir\"'),
(95, '\"🔓UNLOCK: 2-star Yasuo with 3 items & Level 7\"'),
(96, '\"🔓UNLOCK: Field a 1-star Viego with 1 item in combat\"'),
(98, '\"🔓UNLOCK: Get the Xin Zhao Champion Augment + field a 3-star Xin Zhao for 5 rounds\"'),
(99, '\"🔓UNLOCK: Field a Yordle or Zaunite with 2 items and Level 9\"');

-- --------------------------------------------------------

--
-- Estructura de tabla para la tabla `campeonrasgo`
--

CREATE TABLE `campeonrasgo` (
  `idCampeon` int(11) NOT NULL,
  `idRasgo` int(11) NOT NULL
) ENGINE=InnoDB DEFAULT CHARSET=utf8mb4 COLLATE=utf8mb4_general_ci;

--
-- Volcado de datos para la tabla `campeonrasgo`
--

INSERT INTO `campeonrasgo` (`idCampeon`, `idRasgo`) VALUES
(1, 8),
(1, 27),
(1, 44),
(2, 17),
(2, 30),
(3, 19),
(3, 47),
(4, 13),
(4, 39),
(5, 7),
(5, 30),
(6, 25),
(7, 13),
(7, 42),
(8, 25),
(8, 45),
(9, 11),
(9, 23),
(9, 34),
(10, 4),
(11, 26),
(11, 43),
(12, 26),
(12, 44),
(13, 29),
(13, 40),
(14, 13),
(14, 48),
(15, 19),
(15, 40),
(15, 44),
(16, 18),
(17, 20),
(17, 41),
(18, 26),
(18, 40),
(19, 19),
(19, 33),
(20, 25),
(21, 19),
(21, 42),
(22, 29),
(22, 32),
(23, 29),
(23, 34),
(24, 15),
(24, 47),
(25, 2),
(25, 28),
(26, 9),
(26, 36),
(27, 2),
(27, 44),
(27, 47),
(28, 9),
(28, 33),
(29, 2),
(29, 35),
(30, 22),
(30, 34),
(31, 2),
(31, 32),
(32, 9),
(32, 33),
(33, 17),
(33, 35),
(34, 29),
(34, 35),
(35, 1),
(35, 26),
(35, 41),
(36, 22),
(36, 47),
(37, 17),
(37, 28),
(37, 33),
(38, 12),
(38, 42),
(39, 28),
(39, 32),
(39, 39),
(40, 26),
(40, 30),
(40, 41),
(41, 19),
(41, 39),
(42, 25),
(43, 13),
(43, 39),
(44, 20),
(44, 48),
(45, 24),
(45, 35),
(46, 28),
(46, 30),
(47, 9),
(47, 30),
(48, 26),
(48, 34),
(49, 19),
(49, 34),
(50, 18),
(50, 39),
(51, 2),
(51, 35),
(52, 23),
(53, 2),
(53, 40),
(53, 48),
(54, 18),
(54, 30),
(54, 33),
(55, 18),
(55, 37),
(56, 20),
(56, 39),
(57, 3),
(57, 48),
(58, 9),
(58, 28),
(58, 40),
(59, 18),
(59, 44),
(60, 26),
(60, 47),
(61, 23),
(62, 26),
(62, 32),
(63, 28),
(63, 33),
(64, 21),
(65, 13),
(65, 33),
(66, 20),
(66, 34),
(67, 17),
(67, 46),
(68, 17),
(68, 32),
(69, 10),
(69, 40),
(70, 29),
(70, 40),
(71, 19),
(71, 32),
(72, 18),
(73, 9),
(73, 39),
(74, 19),
(74, 30),
(74, 40),
(75, 5),
(75, 30),
(75, 33),
(76, 2),
(76, 14),
(76, 32),
(77, 25),
(78, 28),
(78, 41),
(79, 16),
(79, 20),
(79, 35),
(80, 22),
(80, 48),
(81, 30),
(82, 28),
(82, 35),
(83, 13),
(83, 44),
(84, 2),
(84, 42),
(85, 9),
(85, 41),
(86, 28),
(86, 30),
(87, 20),
(87, 29),
(87, 33),
(88, 22),
(88, 42),
(89, 13),
(89, 32),
(90, 29),
(90, 42),
(91, 17),
(91, 32),
(92, 23),
(92, 31),
(93, 9),
(93, 17),
(93, 48),
(94, 17),
(94, 44),
(95, 17),
(95, 44),
(96, 22),
(96, 48),
(97, 17),
(97, 42),
(98, 8),
(98, 38),
(99, 28),
(99, 29),
(99, 41),
(100, 6),
(100, 39),
(101, 25);

-- --------------------------------------------------------

--
-- Estructura de tabla para la tabla `campeonstats`
--

CREATE TABLE `campeonstats` (
  `idCampeon` int(11) NOT NULL,
  `health` int(11) DEFAULT NULL,
  `damage` int(11) DEFAULT NULL,
  `nivelEstrella` int(11) NOT NULL
) ENGINE=InnoDB DEFAULT CHARSET=utf8mb4 COLLATE=utf8mb4_general_ci;

--
-- Volcado de datos para la tabla `campeonstats`
--

INSERT INTO `campeonstats` (`idCampeon`, `health`, `damage`, `nivelEstrella`) VALUES
(1, 100, 65, 1),
(1, 1800, 97, 2),
(1, 3240, 146, 3),
(2, 650, 30, 1),
(2, 1170, 45, 2),
(2, 2106, 67, 3),
(3, 1100, 50, 1),
(3, 1980, 75, 2),
(3, 3564, 112, 3),
(4, 500, 30, 1),
(4, 900, 45, 2),
(4, 1620, 67, 3),
(5, 800, 30, 1),
(5, 1440, 45, 2),
(5, 2592, 67, 3),
(6, 650, 20, 1),
(6, 1170, 30, 2),
(6, 2106, 45, 3),
(7, 15, 20, 1),
(7, 22, 30, 2),
(7, 33, 45, 3),
(8, 550, 60, 1),
(8, 990, 90, 2),
(8, 1782, 135, 3),
(9, 1100, 50, 1),
(9, 1980, 75, 2),
(9, 3564, 112, 3),
(10, 750, 30, 1),
(10, 1350, 45, 2),
(10, 2430, 67, 3),
(11, 3000, 120, 1),
(11, 5400, 180, 2),
(11, 9720, 270, 3),
(12, 1000, 65, 1),
(12, 1800, 97, 2),
(12, 3240, 146, 3),
(13, 700, 50, 1),
(13, 1260, 75, 2),
(13, 2268, 112, 3),
(14, 1200, 50, 1),
(14, 2160, 75, 2),
(14, 3888, 112, 3),
(15, 650, 42, 1),
(15, 1170, 63, 2),
(15, 2106, 94, 3),
(16, 1800, 270, 1),
(16, 3240, 405, 2),
(16, 5832, 607, 3),
(17, 500, 45, 1),
(17, 900, 67, 2),
(17, 1620, 101, 3),
(18, 850, 50, 1),
(18, 1530, 75, 2),
(18, 2754, 112, 3),
(19, 900, 50, 1),
(19, 1620, 775, 2),
(19, 2916, 112, 3),
(20, 1300, 35, 1),
(20, 2340, 53, 2),
(20, 4212, 78, 3),
(21, 900, 50, 1),
(21, 1620, 75, 2),
(21, 2916, 112, 3),
(22, 650, 58, 1),
(22, 1170, 87, 2),
(22, 2106, 130, 3),
(23, 750, 35, 1),
(23, 1350, 52, 2),
(23, 2430, 78, 3),
(24, 1200, 50, 1),
(24, 2160, 75, 2),
(24, 3888, 112, 3),
(25, 1000, 30, 1),
(25, 1800, 45, 2),
(25, 3240, 67, 3),
(26, 1100, 60, 1),
(26, 1980, 75, 2),
(26, 3565, 112, 3),
(27, 850, 45, 1),
(27, 1530, 67, 2),
(27, 2754, 101, 3),
(28, 1200, 65, 1),
(28, 2160, 97, 2),
(28, 3888, 146, 3),
(29, 700, 50, 1),
(29, 1260, 75, 2),
(29, 2268, 112, 3),
(30, 850, 40, 1),
(30, 1530, 60, 2),
(30, 2754, 90, 3),
(31, 700, 50, 1),
(31, 1260, 75, 2),
(31, 2268, 112, 3),
(32, 700, 55, 1),
(32, 1260, 82, 2),
(32, 2268, 123, 3),
(33, 444, 44, 1),
(33, 799, 66, 2),
(33, 1438, 99, 3),
(34, 650, 50, 1),
(34, 1170, 75, 2),
(34, 2106, 112, 3),
(35, 850, 50, 1),
(35, 1530, 75, 2),
(35, 2754, 112, 3),
(36, 800, 50, 1),
(36, 1440, 75, 2),
(36, 2592, 112, 3),
(37, 900, 50, 1),
(37, 1620, 75, 2),
(37, 2916, 112, 3),
(38, 900, 73, 1),
(38, 1620, 109, 2),
(38, 2916, 164, 3),
(39, 950, 20, 1),
(39, 1710, 30, 2),
(39, 3078, 45, 3),
(40, 500, 20, 1),
(40, 900, 30, 2),
(40, 1620, 45, 3),
(41, 650, 35, 1),
(41, 1170, 52, 2),
(41, 2106, 78, 3),
(42, 1000, 50, 1),
(42, 1800, 75, 2),
(42, 3240, 112, 3),
(43, 800, 30, 1),
(43, 1440, 45, 2),
(43, 2592, 67, 3),
(44, 950, 60, 1),
(44, 1710, 90, 2),
(44, 3078, 135, 3),
(45, 900, 65, 1),
(45, 1620, 97, 2),
(45, 2916, 146, 3),
(46, 500, 25, 1),
(46, 900, 37, 2),
(46, 1620, 56, 3),
(47, 800, 30, 1),
(47, 1440, 45, 2),
(47, 2592, 67, 3),
(48, 650, 30, 1),
(48, 1170, 45, 2),
(48, 2106, 67, 3),
(49, 900, 50, 1),
(49, 1620, 75, 2),
(49, 2916, 112, 3),
(50, 650, 30, 1),
(50, 1170, 45, 2),
(50, 2106, 67, 3),
(51, 800, 55, 1),
(51, 1440, 82, 2),
(51, 2592, 123, 3),
(52, 1500, 60, 1),
(52, 2700, 90, 2),
(52, 4860, 135, 3),
(53, 900, 50, 1),
(53, 1620, 75, 2),
(53, 2916, 112, 3),
(54, 850, 50, 1),
(54, 1530, 75, 2),
(54, 2754, 112, 3),
(55, 1200, 45, 1),
(55, 2160, 67, 2),
(55, 3888, 101, 3),
(56, 550, 30, 1),
(56, 990, 45, 2),
(56, 1782, 67, 3),
(57, 900, 70, 1),
(57, 1620, 105, 2),
(57, 2916, 157, 3),
(58, 850, 50, 1),
(58, 1530, 75, 2),
(58, 2754, 112, 3),
(59, 650, 42, 1),
(59, 1170, 63, 2),
(59, 2106, 94, 3),
(60, 750, 50, 1),
(60, 1350, 75, 2),
(60, 2430, 112, 3),
(61, 1400, 75, 1),
(61, 2536, 112, 2),
(61, 4325, 168, 3),
(62, 1100, 60, 1),
(62, 1980, 90, 2),
(62, 3564, 135, 3),
(63, 700, 45, 1),
(63, 1260, 67, 2),
(63, 2268, 101, 3),
(64, 1000, 35, 1),
(64, 1800, 52, 2),
(64, 3240, 78, 3),
(65, 900, 60, 1),
(65, 1620, 90, 2),
(65, 2914, 135, 3),
(66, 800, 30, 1),
(66, 1440, 45, 2),
(66, 2592, 67, 3),
(67, 1000, 60, 1),
(67, 1800, 90, 2),
(67, 3240, 135, 3),
(68, 700, 65, 1),
(68, 1260, 97, 2),
(68, 2268, 146, 3),
(69, 1200, 80, 1),
(69, 2160, 120, 2),
(69, 3888, 180, 3),
(70, 1100, 15, 1),
(70, 1980, 22, 2),
(70, 3564, 33, 3),
(71, 650, 50, 1),
(71, 1170, 75, 2),
(71, 2106, 112, 3),
(72, 1400, 65, 1),
(72, 2520, 97, 2),
(72, 4536, 146, 3),
(73, 500, 20, 1),
(73, 900, 30, 2),
(73, 1620, 45, 3),
(74, 1200, 40, 1),
(74, 2160, 60, 2),
(74, 3888, 90, 3),
(75, 1450, 65, 1),
(75, 2610, 97, 2),
(75, 4698, 146, 3),
(76, 1000, 70, 1),
(76, 1800, 105, 2),
(76, 3240, 157, 3),
(77, 1300, 70, 1),
(77, 2340, 105, 2),
(77, 4212, 157, 3),
(78, 550, 35, 1),
(78, 990, 52, 2),
(78, 1782, 78, 3),
(79, 1100, 110, 1),
(79, 1980, 165, 2),
(79, 3564, 247, 3),
(80, 1200, 60, 1),
(80, 2160, 90, 2),
(80, 3888, 135, 3),
(81, 1500, 90, 1),
(81, 2700, 135, 2),
(81, 4860, 202, 3),
(82, 550, 55, 1),
(82, 990, 82, 2),
(82, 1782, 123, 3),
(83, 750, 60, 1),
(83, 1350, 90, 2),
(83, 2430, 2430, 3),
(84, 550, NULL, 1),
(84, 900, NULL, 2),
(84, 1782, NULL, 3),
(85, 650, 70, 1),
(85, 1170, 105, 2),
(85, 2106, 157, 3),
(86, 800, 22, 1),
(86, 1440, 49, 2),
(86, 2592, 74, 3),
(87, 700, 60, 1),
(87, 1260, 90, 2),
(87, 2268, 135, 3),
(88, 650, 40, 1),
(88, 1170, 60, 2),
(88, 2106, 90, 3),
(89, 1200, 55, 1),
(89, 2160, 82, 2),
(89, 3888, 123, 3),
(90, 1200, 60, 1),
(90, 2160, 90, 2),
(90, 3888, 135, 3),
(91, 1050, 60, 1),
(91, 1890, 90, 2),
(91, 3402, 135, 3),
(92, 900, 40, 1),
(92, 1620, 60, 2),
(92, 2916, 90, 3),
(93, 850, 50, 1),
(93, 1530, 75, 2),
(93, 2754, 112, 3),
(94, 750, 45, 1),
(94, 1350, 67, 2),
(94, 2430, 101, 3),
(95, 1100, 20, 1),
(95, 1900, 30, 2),
(95, 3564, 45, 3),
(96, 850, 60, 1),
(96, 1530, 90, 2),
(96, 2754, 135, 3),
(97, 800, 60, 1),
(97, 1440, 90, 2),
(97, 2592, 135, 3),
(98, 1200, 60, 1),
(98, 2160, 90, 2),
(98, 3888, 135, 3),
(99, 900, NULL, 1),
(99, 1620, NULL, 2),
(99, 2916, NULL, 3),
(100, 900, 40, 1),
(100, 1620, 60, 2),
(100, 2916, 90, 3),
(101, 800, 35, 1),
(101, 1440, 52, 2),
(101, 2592, 78, 3);

-- --------------------------------------------------------

--
-- Estructura de tabla para la tabla `componente`
--

CREATE TABLE `componente` (
  `idComponente` int(11) NOT NULL,
  `nombreComponente` varchar(50) NOT NULL,
  `statNombre` varchar(30) NOT NULL,
  `statValor` int(11) NOT NULL,
  `tier` char(1) NOT NULL,
  `imagen` varchar(255) DEFAULT NULL
) ENGINE=InnoDB DEFAULT CHARSET=utf8mb4 COLLATE=utf8mb4_general_ci;

--
-- Volcado de datos para la tabla `componente`
--

INSERT INTO `componente` (`idComponente`, `nombreComponente`, `statNombre`, `statValor`, `tier`, `imagen`) VALUES
(1, 'B.F. Sword', 'Attack Damage', 10, 'S', 'Fotos tft/Items/B.F. Sword.png'),
(2, 'Chain Vest', 'Armor', 20, 'A', 'Fotos tft/Items/Chain Vest.png'),
(3, 'Frying Pan', 'Sin efecto directo', 0, 'S', 'Fotos tft/Items/Frying Pan.png'),
(4, 'Giant\'s Belt', 'Health', 150, 'S', 'Fotos tft/Items/Giant\'s Belt.png'),
(5, 'Needlessly Large Rod', 'Ability Power', 10, 'S', 'Fotos tft/Items/Needlessly Large Rod.png'),
(6, 'Negatron Cloak', 'Magic Resist', 20, 'A', 'Fotos tft/Items/Negatron Cloak.png'),
(7, 'Recurve Bow', 'Attack Speed', 10, 'S', 'Fotos tft/Items/Recurve Bow.png'),
(8, 'Sparring Gloves', 'Critical Strike Chance', 20, 'B', 'Fotos tft/Items/Sparring Gloves.png'),
(9, 'Spatula', 'Sin efecto directo', 0, 'S', 'Fotos tft/Items/Spatula.png'),
(10, 'Tear of the Goddess', 'Mana Regen', 1, 'A', 'Fotos tft/Items/Tear of the Goddess.png');

-- --------------------------------------------------------

--
-- Estructura de tabla para la tabla `composicion`
--

CREATE TABLE `composicion` (
  `idComposicion` int(11) NOT NULL,
  `nombreComposicion` varchar(50) DEFAULT NULL,
  `tier` varchar(1) DEFAULT NULL,
  `estilo` varchar(20) DEFAULT NULL,
  `nivel` int(11) DEFAULT NULL
) ENGINE=InnoDB DEFAULT CHARSET=utf8mb4 COLLATE=utf8mb4_general_ci;

--
-- Volcado de datos para la tabla `composicion`
--

INSERT INTO `composicion` (`idComposicion`, `nombreComposicion`, `tier`, `estilo`, `nivel`) VALUES
(1, 'Freljord Invokers', 'S', 'Fast 8', NULL),
(2, 'Targon', 'S', 'Fast 9', NULL),
(3, 'Arcanists', 'S', 'Fast 9', NULL),
(4, 'Bilgewater Gunslingers', 'S', 'Fast 9', NULL),
(5, 'Freljord Quickstrikers', 'S', 'Slow Roll', 7),
(6, 'Freljord Ryze', 'S', 'Fast 9', NULL),
(7, 'Noxus Disruptors', 'S', 'Fast 9', NULL),
(8, 'Noxus Invokers', 'S', 'Slow Roll', 7),
(9, 'Noxus Shurima', 'S', 'Fast 9', NULL),
(10, 'Shadow Isle Wardens', 'S', 'Fast 8', NULL),
(11, 'Targon Disruptors', 'S', 'Slow Roll', 7),
(12, 'Artillery Barrage', 'A', 'Augment', NULL),
(13, 'Bruiser Caretaker', 'A', 'Slow Roll', 6),
(14, 'Demacian Arcanists', 'A', 'Fast 8', NULL),
(15, 'Demacian Invokers', 'A', 'Slow Roll', 5),
(16, 'Demacian Longshots', 'A', 'Standard', NULL),
(17, 'Demacian Ryze', 'A', 'Fast 9', NULL),
(18, 'Double Trouble', 'A', 'Augment', NULL),
(19, 'Eternal Noxus', 'A', 'Fast 9', NULL),
(20, 'Freljord Wardens', 'A', 'Fast 9', NULL),
(21, 'Ionian Quickstrikers', 'A', 'Fast 8', NULL),
(22, 'Ionian Slayers', 'A', 'Fast 8', NULL),
(23, 'Ixtal Caretaker', 'A', 'Slow Roll', 6),
(24, 'Ixtal Invokers', 'A', 'Fast 9', NULL),
(25, 'Juggernaut Disruptors', 'A', 'Slow Roll', 6),
(26, 'Noxus Ionians', 'A', 'Slow Roll', 7),
(27, 'Noxus Vanquishers', 'A', 'Fast 8', NULL),
(28, 'Piltover Disruptors', 'A', 'Fast 8', NULL),
(29, 'Piltover Gunslingers', 'A', 'Fast 8', NULL),
(30, 'Region Quickstrikers', 'A', 'Fast 8', NULL),
(31, 'Ruined King', 'A', 'Augment', NULL),
(32, 'Slayer Vanquishers', 'A', 'Fast 8', NULL),
(33, 'Secrets of the Sands', 'A', 'Fast 9', NULL),
(34, 'Targon Reroll', 'A', 'Slow Roll', 6),
(35, 'Targon Shurima', 'A', 'Fast 8', NULL),
(36, 'Vanquishers', 'A', 'Standard', NULL),
(37, 'Void', 'A', 'Fast 8', NULL),
(38, 'Void Vanquishers', 'A', 'Fast 8', NULL),
(39, 'Yordle Arcanists', 'A', 'Standard', NULL),
(40, 'Zaun', 'A', 'Fast 8', NULL),
(41, 'Zaun Gunslingers', 'A', 'Emblem', NULL),
(42, 'Zaun Ryze', 'A', 'Fast 9', NULL),
(43, 'Bilgewater', 'B', 'Fast 8', NULL),
(44, 'Bilgewater Reroll', 'B', 'Slow Roll', 6),
(45, 'Bilgewater Ryze', 'B', 'Fast 9', NULL),
(46, 'Freljord Reroll', 'B', 'Slow Roll', 6),
(47, 'Ionian Arcanists', 'B', 'Slow Roll', 7),
(48, 'Ixtal Huntress', 'B', 'Fast 8', NULL),
(49, 'Leap of Faith', 'B', 'Slow Roll', 5),
(50, 'Noxus Bilgewater', 'B', 'Slow Roll', 7),
(51, 'Piltover Invokers', 'B', 'Slow Roll', 6),
(52, 'Yordle Caretaker', 'B', 'Slow Roll', 5),
(53, 'Zaun Disruptors', 'B', 'Standard', NULL),
(54, 'Zaun Juggernauts', 'B', 'Fast 8', NULL);

-- --------------------------------------------------------

--
-- Estructura de tabla para la tabla `composicioncampeon`
--

CREATE TABLE `composicioncampeon` (
  `idCompCampeon` int(11) NOT NULL,
  `idComposicion` int(11) DEFAULT NULL,
  `idCampeon` int(11) DEFAULT NULL,
  `idPosicion` int(11) DEFAULT NULL,
  `nivelEstrella` int(11) DEFAULT NULL
) ENGINE=InnoDB DEFAULT CHARSET=utf8mb4 COLLATE=utf8mb4_general_ci;

--
-- Volcado de datos para la tabla `composicioncampeon`
--

INSERT INTO `composicioncampeon` (`idCompCampeon`, `idComposicion`, `idCampeon`, `idPosicion`, `nivelEstrella`) VALUES
(1, 1, 4, 28, NULL),
(2, 1, 39, 7, NULL),
(3, 1, 65, 6, NULL),
(4, 1, 14, 3, NULL),
(5, 1, 43, 22, NULL),
(6, 1, 57, 2, NULL),
(7, 1, 89, 16, NULL),
(8, 1, 100, 24, NULL),
(9, 2, 54, 2, NULL),
(10, 2, 87, 3, NULL),
(11, 2, 20, 5, NULL),
(12, 2, 66, 27, NULL),
(13, 2, 74, 4, NULL),
(14, 2, 77, 6, NULL),
(15, 2, 9, 22, NULL),
(16, 2, 69, 28, NULL),
(17, 2, 8, 7, NULL),
(18, 3, 54, 1, NULL),
(19, 3, 47, 22, NULL),
(20, 3, 74, 4, NULL),
(21, 3, 77, 7, NULL),
(22, 3, 5, 28, NULL),
(23, 3, 28, 2, NULL),
(24, 3, 69, 3, NULL),
(25, 3, 81, 6, NULL),
(26, 3, 75, 5, NULL),
(27, 4, 53, 2, NULL),
(28, 4, 51, 28, NULL),
(29, 4, 77, 4, NULL),
(30, 4, 91, 3, NULL),
(31, 4, 24, 12, NULL),
(32, 4, 45, 26, NULL),
(33, 4, 57, 5, NULL),
(34, 4, 69, 7, NULL),
(35, 4, 76, 6, NULL),
(36, 5, 7, 28, NULL),
(37, 5, 87, 10, NULL),
(38, 5, 34, 22, 3),
(39, 5, 44, 6, NULL),
(40, 5, 65, 3, 3),
(41, 5, 14, 2, NULL),
(42, 5, 90, 8, NULL),
(43, 5, 45, 24, NULL),
(44, 6, 68, 6, NULL),
(45, 6, 37, 10, NULL),
(46, 6, 39, 7, NULL),
(47, 6, 65, 5, NULL),
(48, 6, 43, 24, NULL),
(49, 6, 77, 2, NULL),
(50, 6, 91, 3, NULL),
(51, 6, 64, 22, NULL),
(52, 6, 89, 16, NULL),
(53, 7, 87, 2, NULL),
(54, 7, 3, 5, NULL),
(55, 7, 66, 26, NULL),
(56, 7, 74, 4, NULL),
(57, 7, 77, 6, NULL),
(58, 7, 24, 12, NULL),
(59, 7, 49, 28, NULL),
(60, 7, 69, 7, NULL),
(61, 7, 75, 3, NULL),
(62, 8, 54, 3, NULL),
(63, 8, 71, 5, NULL),
(64, 8, 19, 6, 3),
(65, 8, 21, 22, NULL),
(66, 8, 39, 2, NULL),
(67, 8, 41, 28, 3),
(68, 8, 74, 4, NULL),
(69, 8, 38, 27, NULL),
(70, 9, 19, 2, NULL),
(71, 9, 61, 4, NULL),
(72, 9, 74, 6, NULL),
(73, 9, 77, 3, NULL),
(74, 9, 9, 22, NULL),
(75, 9, 49, 28, NULL),
(76, 9, 69, 7, NULL),
(77, 9, 64, 27, NULL),
(78, 9, 75, 5, NULL),
(79, 10, 96, 5, NULL),
(80, 10, 30, 12, NULL),
(81, 10, 44, 6, NULL),
(82, 10, 14, 3, NULL),
(83, 10, 36, 28, NULL),
(84, 10, 66, 22, NULL),
(85, 10, 24, 11, NULL),
(86, 10, 80, 4, NULL),
(87, 11, 40, 22, NULL),
(88, 11, 54, 4, NULL),
(89, 11, 87, 5, NULL),
(90, 11, 42, 6, 3),
(91, 11, 48, 28, 3),
(92, 11, 101, 27, 3),
(93, 11, 66, 26, NULL),
(94, 11, 77, 3, NULL),
(95, 12, 46, 27, 3),
(96, 12, 63, 28, 3),
(97, 12, 58, 3, 3),
(98, 12, 78, 22, 3),
(99, 12, 82, 26, 3),
(100, 12, 39, 6, 3),
(101, 12, 37, 5, 3),
(102, 12, 25, 4, NULL),
(103, 13, 31, 7, 3),
(104, 13, 68, 2, 3),
(105, 13, 6, 22, 3),
(106, 13, 10, 28, 3),
(107, 13, 71, 6, 3),
(108, 13, 39, 3, NULL),
(109, 13, 91, 4, NULL),
(110, 13, 89, 5, NULL),
(111, 14, 32, 4, NULL),
(112, 14, 73, 27, NULL),
(113, 14, 58, 7, NULL),
(114, 14, 93, 3, NULL),
(115, 14, 28, 6, NULL),
(116, 14, 47, 22, NULL),
(117, 14, 74, 5, NULL),
(118, 14, 100, 28, NULL),
(119, 15, 32, 4, NULL),
(120, 15, 73, 28, 3),
(121, 15, 58, 8, NULL),
(122, 15, 93, 3, NULL),
(123, 15, 28, 6, NULL),
(124, 15, 47, 22, NULL),
(125, 15, 74, 5, NULL),
(126, 15, 100, 27, NULL),
(127, 16, 32, 4, NULL),
(128, 16, 40, 22, NULL),
(129, 16, 58, 3, NULL),
(130, 16, 85, 28, 3),
(131, 16, 28, 6, NULL),
(132, 16, 35, 27, NULL),
(133, 16, 74, 5, NULL),
(134, 16, 77, 2, NULL),
(135, 17, 58, 2, NULL),
(136, 17, 93, 3, NULL),
(137, 17, 37, 5, NULL),
(138, 17, 28, 6, NULL),
(139, 17, 52, 4, NULL),
(140, 17, 77, 7, NULL),
(141, 17, 9, 22, NULL),
(142, 17, 67, 8, NULL),
(143, 17, 64, 28, NULL),
(144, 18, 18, 4, NULL),
(145, 18, 44, 2, 3),
(146, 18, 44, 5, NULL),
(147, 18, 48, 22, 3),
(148, 18, 48, 28, NULL),
(149, 18, 53, 3, 3),
(150, 18, 53, 6, NULL),
(151, 18, 66, 27, NULL),
(152, 19, 21, 22, NULL),
(153, 19, 3, 5, NULL),
(154, 19, 72, 6, NULL),
(155, 19, 74, 3, NULL),
(156, 19, 77, 2, NULL),
(157, 19, 24, 12, NULL),
(158, 19, 38, 28, NULL),
(159, 19, 45, 27, NULL),
(160, 19, 69, 4, NULL),
(161, 20, 7, 28, NULL),
(162, 20, 87, 12, NULL),
(163, 20, 44, 7, NULL),
(164, 20, 65, 10, NULL),
(165, 20, 14, 5, NULL),
(166, 20, 77, 2, NULL),
(167, 20, 57, 4, NULL),
(168, 20, 38, 26, NULL),
(169, 20, 45, 24, NULL),
(170, 21, 68, 2, NULL),
(171, 21, 2, 22, NULL),
(172, 21, 74, 3, NULL),
(173, 21, 91, 5, NULL),
(174, 21, 97, 28, NULL),
(175, 21, 38, 27, NULL),
(176, 21, 67, 7, NULL),
(177, 21, 69, 4, NULL),
(178, 22, 54, 6, NULL),
(179, 22, 2, 28, NULL),
(180, 22, 37, 3, NULL),
(181, 22, 39, 1, NULL),
(182, 22, 91, 5, NULL),
(183, 22, 95, 4, NULL),
(184, 22, 1, 2, NULL),
(185, 22, 67, 7, NULL),
(186, 23, 56, 27, 3),
(187, 23, 10, 28, 3),
(188, 23, 54, 6, 3),
(189, 23, 87, 5, 3),
(190, 23, 50, 22, NULL),
(191, 23, 55, 2, NULL),
(192, 23, 72, 3, NULL),
(193, 23, 16, 4, NULL),
(194, 24, 39, 6, NULL),
(195, 24, 50, 28, NULL),
(196, 24, 14, 2, NULL),
(197, 24, 43, 24, NULL),
(198, 24, 72, 3, NULL),
(199, 24, 57, 5, NULL),
(200, 24, 89, 8, NULL),
(201, 24, 100, 22, NULL),
(202, 24, 16, 10, NULL),
(203, 25, 13, 1, NULL),
(204, 25, 23, 5, 3),
(205, 25, 54, 6, 3),
(206, 25, 87, 2, NULL),
(207, 25, 66, 28, NULL),
(208, 25, 70, 4, NULL),
(209, 25, 74, 3, NULL),
(210, 25, 69, 7, NULL),
(211, 26, 2, 28, 3),
(212, 26, 19, 6, 3),
(213, 26, 37, 4, NULL),
(214, 26, 39, 3, NULL),
(215, 26, 41, 22, 3),
(216, 26, 74, 5, NULL),
(217, 26, 91, 2, NULL),
(218, 26, 69, 7, NULL),
(219, 27, 15, 4, NULL),
(220, 27, 71, 3, NULL),
(221, 27, 19, 2, NULL),
(222, 27, 21, 22, NULL),
(223, 27, 3, 5, NULL),
(224, 27, 74, 6, NULL),
(225, 27, 24, 12, NULL),
(226, 27, 49, 28, NULL),
(227, 28, 56, 28, NULL),
(228, 28, 87, 10, NULL),
(229, 28, 44, 6, NULL),
(230, 28, 65, 2, NULL),
(231, 28, 14, 3, NULL),
(232, 28, 43, 23, NULL),
(233, 28, 66, 22, NULL),
(234, 28, 9, 24, NULL),
(235, 29, 56, 24, NULL),
(236, 29, 44, 4, NULL),
(237, 29, 14, 6, NULL),
(238, 29, 61, 5, NULL),
(239, 29, 66, 22, NULL),
(240, 29, 45, 28, NULL),
(241, 29, 9, 26, NULL),
(242, 29, 79, 14, NULL),
(243, 30, 7, 28, NULL),
(244, 30, 37, 10, NULL),
(245, 30, 39, 6, NULL),
(246, 30, 65, 7, NULL),
(247, 30, 43, 24, NULL),
(248, 30, 77, 2, NULL),
(249, 30, 91, 3, NULL),
(250, 30, 97, 22, NULL),
(251, 31, 88, 5, 3),
(252, 31, 96, 4, NULL),
(253, 31, 30, 12, NULL),
(254, 31, 44, 3, NULL),
(255, 31, 36, 28, NULL),
(256, 31, 66, 22, NULL),
(257, 31, 38, 27, NULL),
(258, 31, 80, 6, NULL),
(259, 32, 15, 1, NULL),
(260, 32, 18, 2, NULL),
(261, 32, 27, 4, NULL),
(262, 32, 3, 5, NULL),
(263, 32, 12, 13, NULL),
(264, 32, 74, 6, NULL),
(265, 32, 1, 7, NULL),
(266, 32, 69, 3, NULL),
(267, 33, 54, 2, NULL),
(268, 33, 87, 3, NULL),
(269, 33, 52, 6, NULL),
(270, 33, 61, 5, NULL),
(271, 33, 66, 27, NULL),
(272, 33, 74, 4, NULL),
(273, 33, 77, 1, NULL),
(274, 33, 9, 28, NULL),
(275, 33, 69, 7, NULL),
(276, 34, 6, 28, 3),
(277, 34, 10, 22, 3),
(278, 34, 54, 6, 3),
(279, 34, 87, 5, 3),
(280, 34, 44, 2, 3),
(281, 34, 55, 7, NULL),
(282, 34, 74, 4, NULL),
(283, 34, 69, 3, NULL),
(284, 35, 54, 2, NULL),
(285, 35, 87, 4, NULL),
(286, 35, 20, 5, NULL),
(287, 35, 66, 22, NULL),
(288, 35, 74, 6, NULL),
(289, 35, 77, 1, NULL),
(290, 35, 9, 28, NULL),
(291, 35, 69, 3, NULL),
(292, 36, 31, 2, NULL),
(293, 36, 71, 7, NULL),
(294, 36, 60, 1, NULL),
(295, 36, 27, 5, NULL),
(296, 36, 53, 4, NULL),
(297, 36, 3, 3, NULL),
(298, 36, 12, 13, NULL),
(299, 36, 74, 6, NULL),
(300, 37, 40, 22, NULL),
(301, 37, 18, 4, NULL),
(302, 37, 48, 27, NULL),
(303, 37, 12, 13, NULL),
(304, 37, 35, 28, NULL),
(305, 37, 62, 6, NULL),
(306, 37, 74, 3, NULL),
(307, 37, 89, 5, NULL),
(308, 38, 18, 2, NULL),
(309, 38, 60, 1, NULL),
(310, 38, 71, 7, NULL),
(311, 38, 27, 3, NULL),
(312, 38, 3, 5, NULL),
(313, 38, 12, 13, NULL),
(314, 38, 62, 6, NULL),
(315, 38, 74, 4, NULL),
(316, 39, 46, 27, 3),
(317, 39, 63, 2, 3),
(318, 39, 58, 13, 3),
(319, 39, 78, 22, 3),
(320, 39, 39, 4, 3),
(321, 39, 37, 6, 3),
(322, 39, 25, 5, NULL),
(323, 39, 86, 28, NULL),
(324, 40, 13, 2, NULL),
(325, 40, 23, 3, NULL),
(326, 40, 87, 7, NULL),
(327, 40, 22, 6, NULL),
(328, 40, 34, 22, NULL),
(329, 40, 66, 28, NULL),
(330, 40, 70, 4, NULL),
(331, 40, 90, 5, NULL),
(332, 41, 22, 2, NULL),
(333, 41, 34, 28, 3),
(334, 41, 70, 4, NULL),
(335, 41, 90, 5, NULL),
(336, 41, 91, 6, NULL),
(337, 41, 38, 22, NULL),
(338, 41, 45, 27, NULL),
(339, 41, 69, 3, NULL),
(340, 42, 17, 22, NULL),
(341, 42, 87, 5, NULL),
(342, 42, 22, 2, NULL),
(343, 42, 37, 4, NULL),
(344, 42, 77, 6, NULL),
(345, 42, 91, 3, NULL),
(346, 42, 67, 7, NULL),
(347, 42, 99, 27, NULL),
(348, 42, 64, 28, NULL),
(349, 43, 31, 4, NULL),
(350, 43, 29, 12, NULL),
(351, 43, 84, 22, NULL),
(352, 43, 53, 3, NULL),
(353, 43, 25, 5, NULL),
(354, 43, 51, 28, NULL),
(355, 43, 57, 7, NULL),
(356, 43, 76, 6, NULL),
(357, 44, 31, 2, NULL),
(358, 44, 29, 5, 3),
(359, 44, 84, 28, 3),
(360, 44, 53, 3, NULL),
(361, 44, 25, 4, NULL),
(362, 44, 51, 22, NULL),
(363, 44, 38, 27, NULL),
(364, 44, 76, 6, NULL),
(365, 45, 31, 3, 3),
(366, 45, 39, 6, NULL),
(367, 45, 14, 5, NULL),
(368, 45, 25, 8, NULL),
(369, 45, 43, 24, NULL),
(370, 45, 77, 7, NULL),
(371, 45, 76, 2, NULL),
(372, 45, 64, 22, NULL),
(373, 45, 89, 17, NULL),
(374, 46, 15, 8, NULL),
(375, 46, 7, 22, 3),
(376, 46, 54, 2, NULL),
(377, 46, 83, 10, 3),
(378, 46, 21, 28, NULL),
(379, 46, 65, 3, NULL),
(380, 46, 74, 5, NULL),
(381, 46, 38, 24, NULL),
(382, 47, 46, 22, NULL),
(383, 47, 68, 7, NULL),
(384, 47, 54, 2, NULL),
(385, 47, 2, 28, 3),
(386, 47, 37, 6, 3),
(387, 47, 74, 5, NULL),
(388, 47, 91, 4, NULL),
(389, 47, 67, 3, NULL),
(390, 48, 54, 2, NULL),
(391, 48, 50, 22, NULL),
(392, 48, 55, 5, NULL),
(393, 48, 72, 6, NULL),
(394, 48, 5, 28, NULL),
(395, 48, 81, 7, NULL),
(396, 48, 16, 3, NULL),
(397, 48, 75, 4, NULL),
(398, 49, 31, 16, 3),
(399, 49, 39, 6, NULL),
(400, 49, 14, 3, NULL),
(401, 49, 25, 7, NULL),
(402, 49, 43, 22, NULL),
(403, 49, 77, 5, NULL),
(404, 49, 76, 2, NULL),
(405, 49, 89, 17, NULL),
(406, 50, 15, 2, NULL),
(407, 50, 84, 22, NULL),
(408, 50, 21, 28, 3),
(409, 50, 27, 5, 3),
(410, 50, 53, 6, 3),
(411, 50, 3, 4, NULL),
(412, 50, 74, 3, NULL),
(413, 50, 49, 27, NULL),
(414, 51, 56, 22, 3),
(415, 51, 87, 8, 3),
(416, 51, 44, 2, 3),
(417, 51, 65, 3, NULL),
(418, 51, 14, 6, NULL),
(419, 51, 43, 23, NULL),
(420, 51, 66, 24, NULL),
(421, 51, 9, 28, NULL),
(422, 52, 46, 26, 3),
(423, 52, 63, 3, 3),
(424, 52, 10, 28, 3),
(425, 52, 58, 6, 3),
(426, 52, 78, 24, 3),
(427, 52, 82, 22, 3),
(428, 52, 37, 5, 3),
(429, 52, 74, 4, NULL),
(430, 53, 54, 4, NULL),
(431, 53, 87, 3, NULL),
(432, 53, 22, 7, NULL),
(433, 53, 48, 28, NULL),
(434, 53, 62, 6, NULL),
(435, 53, 66, 22, NULL),
(436, 53, 70, 5, NULL),
(437, 53, 74, 2, NULL),
(438, 54, 13, 1, NULL),
(439, 54, 18, 4, NULL),
(440, 54, 54, 2, NULL),
(441, 54, 87, 3, NULL),
(442, 54, 53, 7, NULL),
(443, 54, 70, 12, NULL),
(444, 54, 74, 6, NULL),
(445, 54, 69, 5, NULL);

-- --------------------------------------------------------

--
-- Estructura de tabla para la tabla `composicioncampeonitem`
--

CREATE TABLE `composicioncampeonitem` (
  `idCompCampeon` int(11) NOT NULL,
  `idItem` int(11) DEFAULT NULL,
  `slotItem` int(11) NOT NULL
) ENGINE=InnoDB DEFAULT CHARSET=utf8mb4 COLLATE=utf8mb4_general_ci;

--
-- Volcado de datos para la tabla `composicioncampeonitem`
--

INSERT INTO `composicioncampeonitem` (`idCompCampeon`, `idItem`, `slotItem`) VALUES
(22, 101, 1),
(64, 101, 1),
(212, 101, 1),
(96, 103, 1),
(106, 103, 1),
(120, 103, 1),
(187, 103, 1),
(424, 103, 1),
(86, 105, 1),
(183, 105, 1),
(202, 105, 1),
(204, 105, 1),
(222, 105, 1),
(251, 105, 1),
(286, 105, 1),
(331, 105, 1),
(335, 105, 1),
(358, 105, 1),
(373, 105, 1),
(375, 105, 1),
(398, 105, 1),
(242, 106, 1),
(385, 106, 1),
(4, 107, 1),
(13, 107, 1),
(25, 107, 1),
(50, 107, 1),
(57, 107, 1),
(72, 107, 1),
(90, 107, 1),
(107, 107, 1),
(115, 107, 1),
(123, 107, 1),
(131, 107, 1),
(149, 107, 1),
(165, 107, 1),
(231, 107, 1),
(269, 107, 1),
(278, 107, 1),
(288, 107, 1),
(305, 107, 1),
(344, 107, 1),
(365, 107, 1),
(416, 107, 1),
(425, 107, 1),
(444, 107, 1),
(330, 109, 1),
(436, 109, 1),
(443, 109, 1),
(25, 113, 2),
(50, 113, 2),
(444, 113, 2),
(251, 114, 2),
(40, 115, 1),
(173, 115, 1),
(180, 115, 1),
(223, 115, 1),
(237, 115, 1),
(249, 115, 1),
(264, 115, 1),
(299, 115, 1),
(314, 115, 1),
(404, 115, 1),
(410, 115, 1),
(139, 117, 1),
(154, 117, 1),
(165, 117, 2),
(188, 117, 1),
(198, 117, 1),
(393, 117, 1),
(158, 118, 3),
(168, 118, 1),
(263, 118, 1),
(274, 118, 1),
(297, 118, 1),
(313, 118, 1),
(38, 119, 1),
(96, 119, 2),
(96, 119, 3),
(158, 119, 2),
(168, 119, 2),
(174, 119, 1),
(183, 119, 2),
(204, 119, 2),
(250, 119, 1),
(274, 119, 2),
(276, 119, 1),
(286, 119, 2),
(304, 119, 1),
(333, 119, 1),
(359, 119, 2),
(375, 119, 2),
(377, 119, 2),
(408, 119, 2),
(262, 120, 1),
(296, 120, 1),
(312, 120, 1),
(392, 120, 1),
(409, 120, 1),
(130, 121, 1),
(174, 122, 2),
(202, 122, 2),
(250, 122, 2),
(276, 122, 2),
(359, 122, 1),
(377, 122, 1),
(408, 122, 1),
(101, 125, 1),
(205, 125, 1),
(321, 125, 1),
(330, 125, 2),
(386, 125, 1),
(436, 125, 2),
(443, 125, 2),
(5, 126, 1),
(14, 126, 1),
(59, 126, 1),
(67, 126, 1),
(75, 126, 1),
(91, 126, 1),
(106, 126, 2),
(116, 126, 1),
(120, 126, 2),
(147, 126, 1),
(187, 126, 2),
(233, 126, 1),
(274, 126, 3),
(304, 126, 2),
(323, 126, 1),
(348, 126, 1),
(359, 126, 3),
(372, 126, 2),
(385, 126, 2),
(392, 126, 2),
(414, 126, 1),
(424, 126, 2),
(433, 126, 1),
(38, 128, 2),
(130, 128, 2),
(130, 128, 3),
(168, 128, 3),
(263, 128, 3),
(276, 128, 3),
(313, 128, 3),
(333, 128, 2),
(377, 128, 3),
(408, 128, 3),
(32, 129, 1),
(38, 129, 3),
(83, 129, 1),
(158, 129, 1),
(255, 129, 1),
(333, 129, 3),
(351, 129, 1),
(51, 130, 1),
(86, 130, 2),
(143, 130, 1),
(201, 130, 1),
(211, 130, 1),
(258, 130, 1),
(330, 130, 3),
(436, 130, 3),
(443, 130, 3),
(5, 131, 2),
(5, 131, 3),
(14, 131, 2),
(14, 131, 3),
(59, 131, 2),
(59, 131, 3),
(75, 131, 2),
(75, 131, 3),
(91, 131, 2),
(91, 131, 3),
(120, 131, 3),
(147, 131, 2),
(147, 131, 3),
(233, 131, 2),
(233, 131, 3),
(385, 131, 3),
(414, 131, 2),
(414, 131, 3),
(433, 131, 2),
(35, 133, 3),
(356, 133, 3),
(404, 133, 2),
(262, 134, 2),
(263, 134, 2),
(296, 134, 2),
(297, 134, 2),
(312, 134, 2),
(313, 134, 2),
(375, 134, 3),
(409, 134, 2),
(323, 136, 2),
(32, 137, 2),
(351, 137, 2),
(22, 139, 2),
(28, 139, 3),
(51, 139, 2),
(67, 139, 2),
(83, 139, 2),
(106, 139, 3),
(116, 139, 2),
(143, 139, 2),
(187, 139, 3),
(201, 139, 2),
(211, 139, 2),
(255, 139, 2),
(323, 139, 3),
(348, 139, 2),
(354, 139, 3),
(372, 139, 3),
(424, 139, 3),
(433, 139, 3),
(4, 140, 2),
(13, 140, 2),
(25, 140, 3),
(40, 140, 2),
(50, 140, 3),
(57, 140, 2),
(72, 140, 2),
(90, 140, 2),
(101, 140, 2),
(107, 140, 2),
(115, 140, 2),
(123, 140, 2),
(131, 140, 2),
(139, 140, 2),
(149, 140, 2),
(154, 140, 2),
(173, 140, 2),
(180, 140, 2),
(188, 140, 2),
(205, 140, 2),
(223, 140, 2),
(231, 140, 2),
(237, 140, 2),
(249, 140, 2),
(269, 140, 2),
(278, 140, 2),
(288, 140, 2),
(305, 140, 2),
(321, 140, 2),
(344, 140, 2),
(365, 140, 2),
(386, 140, 2),
(393, 140, 2),
(416, 140, 2),
(425, 140, 2),
(444, 140, 3),
(64, 142, 2),
(212, 142, 2),
(222, 142, 2),
(262, 142, 3),
(312, 142, 3),
(331, 142, 2),
(335, 142, 2),
(358, 142, 2),
(373, 142, 2),
(398, 142, 2),
(83, 143, 3),
(116, 143, 3),
(242, 143, 3),
(255, 143, 3),
(296, 143, 3),
(392, 143, 3),
(409, 143, 3),
(4, 144, 3),
(13, 144, 3),
(40, 144, 3),
(57, 144, 3),
(72, 144, 3),
(90, 144, 3),
(101, 144, 3),
(107, 144, 3),
(115, 144, 3),
(123, 144, 3),
(139, 144, 3),
(149, 144, 3),
(154, 144, 3),
(165, 144, 3),
(173, 144, 3),
(180, 144, 3),
(188, 144, 3),
(205, 144, 3),
(223, 144, 3),
(231, 144, 3),
(237, 144, 3),
(249, 144, 3),
(269, 144, 3),
(278, 144, 3),
(288, 144, 3),
(305, 144, 3),
(321, 144, 3),
(344, 144, 3),
(365, 144, 3),
(386, 144, 3),
(393, 144, 3),
(404, 144, 3),
(416, 144, 3),
(425, 144, 3),
(64, 149, 3),
(174, 149, 3),
(183, 149, 3),
(204, 149, 3),
(212, 149, 3),
(222, 149, 3),
(242, 149, 2),
(250, 149, 3),
(251, 149, 3),
(286, 149, 3),
(331, 149, 3),
(335, 149, 3),
(358, 149, 3),
(373, 149, 3),
(398, 149, 3),
(297, 150, 3),
(8, 152, 1),
(12, 152, 1),
(22, 152, 3),
(51, 152, 3),
(55, 152, 1),
(67, 152, 3),
(77, 152, 1),
(86, 152, 3),
(118, 152, 1),
(124, 152, 1),
(143, 152, 3),
(151, 152, 1),
(211, 152, 3),
(232, 152, 1),
(271, 152, 1),
(287, 152, 1),
(304, 152, 3),
(348, 152, 3),
(391, 152, 1),
(131, 153, 3),
(198, 153, 2),
(336, 155, 1),
(35, 156, 1),
(356, 156, 1),
(372, 157, 1),
(28, 161, 1),
(354, 161, 1),
(28, 163, 2),
(354, 163, 2),
(35, 166, 2),
(356, 167, 2);

-- --------------------------------------------------------

--
-- Estructura de tabla para la tabla `composicionrasgo`
--

CREATE TABLE `composicionrasgo` (
  `idComposicion` int(11) NOT NULL,
  `idRasgo` int(11) NOT NULL,
  `cantidadActiva` int(11) DEFAULT NULL
) ENGINE=InnoDB DEFAULT CHARSET=utf8mb4 COLLATE=utf8mb4_general_ci;

--
-- Volcado de datos para la tabla `composicionrasgo`
--

INSERT INTO `composicionrasgo` (`idComposicion`, `idRasgo`, `cantidadActiva`) VALUES
(1, 13, 5),
(1, 32, 2),
(1, 39, 4),
(1, 48, 2),
(2, 20, 2),
(2, 30, 2),
(2, 33, 2),
(2, 34, 2),
(2, 40, 2),
(3, 30, 6),
(3, 33, 2),
(3, 40, 2),
(4, 2, 3),
(4, 32, 2),
(4, 35, 2),
(4, 40, 2),
(4, 48, 2),
(5, 13, 3),
(5, 20, 2),
(5, 29, 3),
(5, 33, 2),
(5, 35, 2),
(5, 42, 2),
(5, 48, 2),
(6, 13, 3),
(6, 17, 3),
(6, 28, 2),
(6, 32, 4),
(6, 33, 2),
(6, 39, 2),
(7, 19, 3),
(7, 20, 2),
(7, 30, 2),
(7, 33, 2),
(7, 34, 2),
(7, 40, 2),
(7, 47, 2),
(8, 19, 5),
(8, 30, 2),
(8, 32, 2),
(8, 33, 2),
(8, 39, 2),
(8, 42, 2),
(9, 19, 3),
(9, 23, 2),
(9, 30, 2),
(9, 33, 2),
(9, 34, 2),
(9, 40, 2),
(10, 20, 2),
(10, 22, 4),
(10, 34, 2),
(10, 47, 2),
(10, 48, 4),
(11, 20, 2),
(11, 26, 2),
(11, 30, 2),
(11, 33, 2),
(11, 34, 2),
(12, 28, 8),
(12, 33, 2),
(13, 32, 6),
(14, 9, 5),
(14, 30, 2),
(14, 33, 2),
(14, 39, 2),
(14, 40, 2),
(15, 9, 5),
(15, 30, 2),
(15, 33, 2),
(15, 39, 2),
(15, 40, 2),
(16, 9, 3),
(16, 26, 2),
(16, 30, 2),
(16, 33, 2),
(16, 40, 2),
(16, 41, 3),
(17, 9, 3),
(17, 17, 3),
(17, 23, 2),
(17, 28, 2),
(17, 33, 2),
(18, 20, 2),
(18, 26, 2),
(18, 34, 2),
(18, 40, 2),
(18, 48, 4),
(19, 19, 3),
(19, 40, 2),
(19, 42, 2),
(19, 47, 2),
(20, 13, 3),
(20, 20, 2),
(20, 33, 2),
(20, 42, 2),
(20, 48, 3),
(21, 17, 5),
(21, 30, 2),
(21, 32, 2),
(21, 40, 2),
(21, 42, 2),
(22, 17, 5),
(22, 28, 2),
(22, 30, 2),
(22, 32, 2),
(22, 33, 2),
(22, 44, 2),
(23, 18, 5),
(23, 20, 2),
(23, 33, 2),
(23, 39, 2),
(24, 13, 3),
(24, 18, 3),
(24, 32, 2),
(24, 39, 4),
(24, 48, 2),
(25, 20, 2),
(25, 29, 3),
(25, 30, 2),
(25, 33, 2),
(25, 34, 2),
(25, 40, 4),
(26, 17, 3),
(26, 19, 3),
(26, 28, 2),
(26, 30, 2),
(26, 32, 2),
(26, 33, 2),
(26, 39, 2),
(26, 40, 2),
(27, 19, 7),
(27, 40, 2),
(27, 47, 2),
(28, 13, 3),
(28, 20, 4),
(28, 33, 2),
(28, 34, 2),
(28, 39, 2),
(28, 48, 2),
(29, 20, 4),
(29, 23, 2),
(29, 34, 2),
(29, 35, 2),
(29, 48, 2),
(30, 13, 3),
(30, 17, 3),
(30, 28, 2),
(30, 32, 2),
(30, 33, 2),
(30, 39, 2),
(30, 42, 2),
(31, 20, 2),
(31, 22, 5),
(31, 34, 2),
(31, 42, 2),
(31, 48, 3),
(32, 19, 3),
(32, 26, 2),
(32, 40, 4),
(32, 44, 4),
(32, 47, 2),
(33, 20, 2),
(33, 23, 3),
(33, 30, 2),
(33, 33, 2),
(33, 34, 2),
(33, 40, 2),
(34, 20, 2),
(34, 30, 2),
(34, 33, 2),
(34, 40, 2),
(35, 20, 2),
(35, 30, 2),
(35, 33, 2),
(35, 34, 2),
(35, 40, 2),
(36, 2, 3),
(36, 19, 3),
(36, 26, 2),
(36, 32, 2),
(36, 40, 2),
(36, 44, 2),
(36, 47, 3),
(37, 26, 6),
(37, 30, 2),
(37, 32, 2),
(37, 40, 2),
(37, 41, 2),
(38, 19, 3),
(38, 26, 4),
(38, 32, 2),
(38, 40, 2),
(38, 44, 2),
(38, 47, 3),
(39, 28, 8),
(39, 30, 2),
(39, 33, 2),
(40, 20, 2),
(40, 29, 7),
(40, 34, 2),
(40, 40, 2),
(41, 29, 3),
(41, 32, 2),
(41, 35, 2),
(41, 40, 2),
(41, 42, 2),
(42, 17, 3),
(42, 20, 2),
(42, 28, 2),
(42, 29, 3),
(42, 32, 2),
(42, 33, 2),
(42, 41, 2),
(43, 2, 7),
(43, 32, 2),
(43, 35, 2),
(43, 48, 2),
(44, 2, 7),
(44, 32, 2),
(44, 35, 2),
(44, 42, 2),
(45, 2, 3),
(45, 13, 3),
(45, 28, 2),
(45, 32, 4),
(45, 39, 2),
(46, 13, 3),
(46, 19, 3),
(46, 30, 2),
(46, 33, 2),
(46, 40, 2),
(46, 42, 3),
(46, 44, 2),
(47, 17, 5),
(47, 28, 2),
(47, 30, 4),
(47, 32, 2),
(47, 33, 2),
(48, 18, 5),
(48, 30, 4),
(48, 33, 2),
(49, 2, 3),
(49, 13, 3),
(49, 28, 2),
(49, 32, 4),
(49, 39, 2),
(50, 2, 3),
(50, 19, 5),
(50, 40, 2),
(50, 42, 2),
(50, 44, 2),
(50, 47, 2),
(51, 13, 3),
(51, 20, 4),
(51, 33, 2),
(51, 34, 2),
(51, 39, 2),
(51, 48, 2),
(52, 28, 6),
(52, 30, 2),
(52, 33, 2),
(52, 40, 2),
(53, 20, 2),
(53, 26, 2),
(53, 29, 3),
(53, 30, 2),
(53, 32, 2),
(53, 33, 2),
(53, 34, 2),
(53, 40, 2),
(54, 29, 3),
(54, 30, 2),
(54, 33, 2),
(54, 40, 6);

-- --------------------------------------------------------

--
-- Estructura de tabla para la tabla `escalonrasgo`
--

CREATE TABLE `escalonrasgo` (
  `idRasgo` int(11) NOT NULL,
  `umbral` int(11) NOT NULL,
  `valorBonus` int(11) DEFAULT NULL,
  `efecto` varchar(100) DEFAULT NULL,
  `descripcion` varchar(255) DEFAULT NULL
) ENGINE=InnoDB DEFAULT CHARSET=utf8mb4 COLLATE=utf8mb4_general_ci;

--
-- Volcado de datos para la tabla `escalonrasgo`
--

INSERT INTO `escalonrasgo` (`idRasgo`, `umbral`, `valorBonus`, `efecto`, `descripcion`) VALUES
(2, 3, 15, 'Silver Serpents', 'Ganas 15 Serpents'),
(2, 5, 35, 'Silver Serpents', 'Ganas 35 Serpents y mejoras el loot'),
(2, 7, 65, 'Silver Serpents', 'Ganas 65 Serpents y loot superior'),
(2, 10, 150, 'Silver Serpents', 'Ganas 150 Serpents, 2x stats y FIRE CANNONS'),
(9, 3, 12, 'Armadura y RM', 'Los Demacian ganan 12 de Armadura y Resistencia Mágica'),
(9, 5, 35, 'Armadura y RM', 'Los Demacian ganan 35 de Armadura y Resistencia Mágica'),
(9, 7, 35, 'Armadura y RM', 'Los Demacian ganan 35 de Armadura y Resistencia Mágica y al Rally smitean por 5%% de la vida máxima'),
(9, 11, 150, 'Armadura y RM', 'Los Demacian ganan 150 de Armadura y Resistencia Mágica. BATTLE FOR DEMACIA'),
(13, 3, 8, 'Vida frontal (%)', 'Invoca 1 torre. Aliados delante ganan 8% vida y detrás 10% Damage Amp'),
(13, 5, 12, 'Vida frontal (%)', 'Invoca 2 torres. Aliados delante ganan 12% vida y detrás 16% Damage Amp'),
(13, 7, 16, 'Vida frontal (%)', 'Las torres aturden al morir. Aliados delante ganan 16% vida y detrás 22% Damage Amp'),
(17, 3, NULL, 'Camino de Ionia', 'Obtienes un beneficio de Ionia que cambia cada partida'),
(17, 5, NULL, 'Camino de Ionia', 'Obtienes un beneficio de Ionia que cambia cada partida'),
(17, 7, NULL, 'Camino de Ionia', 'Obtienes un beneficio de Ionia que cambia cada partida'),
(18, 3, NULL, 'Sunshards', 'Completa Quests para ganar Sunshards y gastarlos en loot'),
(18, 5, 2, 'Curación de jugador', 'Curas 2 de vida de jugador al inicio de cada combate'),
(18, 7, 50, 'Sunshards extra', 'Tras ganar combate obtienes 50 Sunshards y loot extra'),
(19, 3, NULL, 'Atakhan', 'Atakhan slash a los enemigos y hace daño mágico'),
(19, 5, NULL, 'Atakhan', 'Los Noxian se vuelven más poderosos mientras Atakhan sigue vivo'),
(19, 7, NULL, 'Atakhan', 'Atakhan drena las almas de los enemigos al lanzar'),
(19, 10, NULL, 'Atakhan', 'Tras 10 segundos: BRING RUIN'),
(20, 2, 1, 'Módulos', 'Eliges 1 módulo para la invención'),
(20, 4, 2, 'Módulos', 'Eliges un segundo módulo para la invención'),
(20, 6, 3, 'Módulos', 'Eliges un tercer módulo para la invención'),
(22, 2, 18, 'AD y AP (%)', '1x Souls y 18% AD/AP para Shadow Isles'),
(22, 3, 20, 'AD y AP (%)', '1.3x Souls y 20% AD/AP para Shadow Isles'),
(22, 4, 25, 'AD y AP (%)', '1.6x Souls y 25% AD/AP para Shadow Isles'),
(22, 5, 33, 'AD y AP (%)', '1.9x Souls y 33% AD/AP para Shadow Isles'),
(23, 2, 20, 'Vida máxima (%)', 'Los Shuriman ganan 20% de vida máxima al inicio del combate'),
(23, 3, 50, 'Armadura y RM', 'Los Shuriman ganan 50 de Armadura y Resistencia Mágica'),
(23, 4, NULL, 'Godhood', 'Un Shuriman asciende a GODHOOD cada 3 segundos cuando el prismatic está activo'),
(26, 2, 8, 'Velocidad de ataque (%)', 'Los Void ganan 1 Mutation y 8% Attack Speed'),
(26, 4, 18, 'Velocidad de ataque (%)', 'Los Void ganan 2 Mutations y 18% Attack Speed'),
(26, 6, 33, 'Velocidad de ataque (%)', 'Los Void ganan 3 Mutations y 33% Attack Speed'),
(26, 9, 40, 'Velocidad de ataque (%)', 'Las Mutations se supercargan y los Void ganan 40% Attack Speed'),
(28, 2, 40, 'Vida por Yordle', 'Cada Yordle gana 40 de vida y 5% Attack Speed por cada Yordle único desplegado; los 3 estrellas dan 120% más'),
(28, 4, NULL, 'Tienda Yordle', 'La primera tienda de cada ronda contiene un Yordle'),
(28, 6, 1, 'Rerroll gratis', 'Obtienes 1 rerroll gratis por ronda'),
(28, 8, NULL, 'Yordle Grab Bag', 'Obtienes una Yordle Grab Bag cada ronda'),
(29, 3, 4, 'Shimmer-Fused refresh', 'Los Zaunite se refrescan cada 4 segundos'),
(29, 5, 30, 'Curación (%)', 'Al 60% de vida, restauran 30% de vida en 3 segundos y entran en Shimmer-Fused'),
(29, 7, 50, 'Bonificación Shimmer-Fused (%)', 'Las bonificaciones Shimmer-Fused aumentan 50% y se refrescan cada 3 segundos'),
(30, 2, 25, 'AP Arcanists', 'El equipo gana 15% AP y los Arcanist 25% AP extra'),
(30, 4, 50, 'AP Arcanists', 'El equipo gana 20% AP y los Arcanist 50% AP extra'),
(30, 6, 70, 'AP Arcanists', 'El equipo gana 35% AP y los Arcanist 70% AP extra'),
(32, 2, 25, 'Vida extra (%)', 'Los Bruiser ganan 25% de vida extra; el equipo gana 150 de vida máxima'),
(32, 4, 40, 'Vida extra (%)', 'Los Bruiser ganan 40% de vida extra; el equipo gana 150 de vida máxima'),
(32, 6, 60, 'Vida extra (%)', 'Los Bruiser ganan 60% de vida extra; el equipo gana 150 de vida máxima'),
(33, 2, 30, 'Armadura y RM', 'Los Defender ganan 30 de Armadura y Resistencia Mágica; el equipo gana 12'),
(33, 4, 55, 'Armadura y RM', 'Los Defender ganan 55 de Armadura y Resistencia Mágica; el equipo gana 12'),
(33, 6, 80, 'Armadura y RM', 'Los Defender ganan 80 de Armadura y Resistencia Mágica; el equipo gana 12'),
(34, 2, 18, 'Daño extra a Dazzled (%)', 'Los Disruptor hacen 18% de daño extra a enemigos Dazzled'),
(34, 4, 40, 'Daño extra a Dazzled (%)', 'Los Disruptor hacen 40% de daño extra a enemigos Dazzled'),
(35, 2, 22, 'AD (%)', 'Los Gunslinger ganan 22% AD y cada 4º ataque hace 100 de daño físico extra'),
(35, 4, 44, 'AD (%)', 'Los Gunslinger ganan 44% AD y cada 4º ataque hace 200 de daño físico extra'),
(39, 2, 25, 'Maná extra (%)', 'Los Invoker obtienen 25% más maná de todas las fuentes; el equipo gana 1 Mana Regen'),
(39, 4, 40, 'Maná extra (%)', 'Los Invoker obtienen 40% más maná de todas las fuentes; el equipo gana 1 Mana Regen'),
(40, 2, 18, 'Durability (%)', 'Los Juggernaut ganan 18% o 25% Durability según su vida'),
(40, 4, 20, 'Durability (%)', 'Los Juggernaut ganan 20% o 30% Durability según su vida'),
(40, 6, 26, 'Durability (%)', 'Los Juggernaut ganan 26% o 36% Durability según su vida'),
(41, 2, 18, 'Damage Amp (%)', 'Los Longshot ganan 18% Damage Amp + 2% por hexágono'),
(41, 3, 24, 'Damage Amp (%)', 'Los Longshot ganan 24% Damage Amp + 3% por hexágono'),
(41, 4, 28, 'Damage Amp (%)', 'Los Longshot ganan 28% Damage Amp + 4% por hexágono'),
(41, 5, 32, 'Damage Amp (%)', 'Los Longshot ganan 32% Damage Amp + 5% por hexágono'),
(42, 2, 10, 'Velocidad de ataque (%)', 'Los Quickstriker ganan 10-30% Attack Speed según la vida faltante del objetivo; el equipo gana 15% AS'),
(42, 3, 20, 'Velocidad de ataque (%)', 'Los Quickstriker ganan 20-45% Attack Speed según la vida faltante del objetivo; el equipo gana 15% AS'),
(42, 4, 30, 'Velocidad de ataque (%)', 'Los Quickstriker ganan 30-60% Attack Speed según la vida faltante del objetivo; el equipo gana 15% AS'),
(42, 5, 40, 'Velocidad de ataque (%)', 'Los Quickstriker ganan 40-80% Attack Speed según la vida faltante del objetivo; el equipo gana 15% AS'),
(43, 1, 30, 'Damage Amp (%)', 'Baron Nashor ocupa 2 espacios, da +2 Void y el Rift da 30% Damage Amp a unidades Void'),
(44, 2, 20, 'AD (%)', 'Los Slayer ganan 20% AD y 10% Omnivamp'),
(44, 4, 30, 'AD (%)', 'Los Slayer ganan 30% AD y 16% Omnivamp'),
(44, 6, 40, 'AD (%)', 'Los Slayer ganan 40% AD y 20% Omnivamp'),
(47, 2, 15, 'Crítico (%)', 'Los Vanquisher ganan 15% prob. crítico y 15% daño crítico'),
(47, 3, 20, 'Crítico (%)', 'Los Vanquisher ganan 20% prob. crítico y 20% daño crítico'),
(47, 4, 25, 'Crítico (%)', 'Los Vanquisher ganan 25% prob. crítico y 25% daño crítico'),
(47, 5, 30, 'Crítico (%)', 'Los Vanquisher ganan 30% prob. crítico y 30% daño crítico'),
(48, 2, 16, 'Escudo (% vida máxima)', 'Los Warden ganan un escudo del 16% de su vida máxima al bajar de 75% y 25% de vida'),
(48, 3, 20, 'Escudo (% vida máxima)', 'Los Warden ganan un escudo del 20% de su vida máxima al bajar de 75% y 25% de vida'),
(48, 4, 26, 'Escudo (% vida máxima)', 'Los Warden ganan un escudo del 26% de su vida máxima al bajar de 75% y 25% de vida'),
(48, 5, 33, 'Escudo (% vida máxima)', 'Los Warden ganan un escudo del 33% de su vida máxima al bajar de 75% y 25% de vida');

-- --------------------------------------------------------

--
-- Estructura de tabla para la tabla `item`
--

CREATE TABLE `item` (
  `idItem` int(11) NOT NULL,
  `nombreItem` varchar(50) DEFAULT NULL,
  `tier` char(1) NOT NULL,
  `statItem` int(11) DEFAULT NULL,
  `nombreStat` varchar(50) DEFAULT NULL,
  `descripcion` text DEFAULT NULL,
  `imagen` varchar(255) DEFAULT NULL
) ENGINE=InnoDB DEFAULT CHARSET=utf8mb4 COLLATE=utf8mb4_general_ci;

--
-- Volcado de datos para la tabla `item`
--

INSERT INTO `item` (`idItem`, `nombreItem`, `tier`, `statItem`, `nombreStat`, `descripcion`, `imagen`) VALUES
(101, 'Adaptive Helm', 'B', 15, 'Mana adicional (%)', 'Gana un 15% de maná adicional de todas las fuentes. El portador obtiene bonificaciones según su rol.', 'Fotos tft/Items/AdaptiveHelm.png'),
(102, 'Arcanist Emblem', 'A', 20, 'Mana recuperado (%)', 'El portador obtiene el rasgo Arcanist. Al matar, recupera un 20% del maná máximo.', 'Fotos tft/Items/ArcanistEmblem.png'),
(103, 'Archangel\'s Staff', 'B', 20, 'Ability Power', 'Al inicio del combate gana 20 de Ability Power cada 5 segundos.', 'Fotos tft/Items/ArchangelsStaff.png'),
(104, 'Bilgewater Emblem', 'B', 0, 'Rasgo Bilgewater', 'El portador obtiene el rasgo Bilgewater.', 'Fotos tft/Items/BilgewaterEmblem.png'),
(105, 'Bloodthirster', 'A', 25, 'Escudo (% vida máxima)', 'Una vez por combate al 40% de vida, gana un escudo del 25% de la vida máxima durante 5 segundos.', 'Fotos tft/Items/Bloodthirster.png'),
(106, 'Blue Buff', 'S', 10, 'AD y AP adicionales (%)', 'Gana 10% de Attack Damage y Ability Power adicionales de todas las fuentes.', 'Fotos tft/Items/BlueBuff.png'),
(107, 'Bramble Vest', 'A', 9, 'Vida máxima (%)', 'Gana 9% de vida máxima, reduce daño de ataques y devuelve daño mágico a enemigos cercanos.', 'Fotos tft/Items/BrambleVest.png'),
(108, 'Bruiser Emblem', 'A', 0, 'Rasgo Bruiser', 'El portador obtiene el rasgo Bruiser.', 'Fotos tft/Items/BruiserEmblem.png'),
(109, 'Crownguard', 'S', 25, 'Escudo (% vida máxima)', 'Al inicio del combate gana un escudo del 25% de la vida máxima durante 8 segundos.', 'Fotos tft/Items/Crownguard.png'),
(110, 'Deathblade', 'A', 0, 'Sin stat principal', 'Perfect peace and calm for the holder - and all who face it.', 'Fotos tft/Items/Deathblade.png'),
(111, 'Defender Emblem', 'C', 0, 'Rasgo Defender', 'El portador obtiene el rasgo Defender.', 'Fotos tft/Items/Defender Emblem.png'),
(112, 'Demacia Emblem', 'A', 0, 'Rasgo Demacia', 'El portador obtiene el rasgo Demacia.', 'Fotos tft/Items/Demacia Emblem.png'),
(113, 'Dragon\'s Claw', 'S', 9, 'Vida máxima (%)', 'Gana 9% de vida máxima. Cada 2 segundos cura 2.5% de vida máxima.', 'Fotos tft/Items/Dragon\'s Claw.png'),
(114, 'Edge of Night', 'S', 60, 'Vida para activarse (%)', 'Al 60% de vida, se vuelve inalcanzable brevemente, elimina efectos negativos y cura vida faltante.', 'Fotos tft/Items/Edge of Night.png'),
(115, 'Evenshroud', 'B', 25, 'Armadura y resistencia mágica', 'Sunder a enemigos en 2 hexágonos y da armadura y resistencia mágica al inicio del combate.', 'Fotos tft/Items/Evenshroud.png'),
(116, 'Freljord Emblem', 'S', 0, 'Rasgo Freljord', 'El portador obtiene el rasgo Freljord.', 'Fotos tft/Items/Freljord Emblem.png'),
(117, 'Gargoyle Stoneplate', 'A', 10, 'Armadura y resistencia mágica', 'Gana armadura y resistencia mágica por cada enemigo que esté fijando al portador.', 'Fotos tft/Items/Gargoyle Stoneplate.png'),
(118, 'Giant Slayer', 'S', 15, 'Daño adicional (%)', 'Gana 15% de daño adicional contra tanques.', 'Fotos tft/Items/Giant Slayer.png'),
(119, 'Guinsoo\'s Rageblade', 'S', 7, 'Velocidad de ataque (%)', 'Gana 7% de velocidad de ataque acumulable por segundo.', 'Fotos tft/Items/Guinsoo\'s Rageblade.png'),
(120, 'Hand of Justice', 'B', 15, 'Daño y AP (%)', 'Otorga dos efectos: daño/AP y omnivamp, con bonificaciones según la vida.', 'Fotos tft/Items/Hand of Justice.png'),
(121, 'Hextech Gunblade', 'A', 20, 'Curación del daño (%)', 'Cura al aliado con menor porcentaje de vida con parte del daño infligido.', 'Fotos tft/Items/Hextech Gunblade.png'),
(122, 'Infinity Edge', 'A', 0, 'Crítico en habilidades', 'Las habilidades pueden hacer crítico.', 'Fotos tft/Items/Infinity Edge.png'),
(123, 'Invoker Emblem', 'A', 0, 'Rasgo Invoker', 'El portador obtiene el rasgo Invoker.', 'Fotos tft/Items/Invoker Emblem.png'),
(124, 'Ionia Emblem', 'A', 0, 'Rasgo Ionia', 'El portador obtiene el rasgo Ionia.', 'Fotos tft/Items/Ionia Emblem.png'),
(125, 'Ionic Spark', 'A', 150, 'Daño mágico', 'Shred a enemigos cercanos y castiga a quienes lanzan habilidades.', 'Fotos tft/Items/Ionic Spark.png'),
(126, 'Jeweled Gauntlet', 'S', 0, 'Crítico en habilidades', 'Las habilidades pueden hacer crítico.', 'Fotos tft/Items/Jeweled Gauntlet.png'),
(127, 'Juggernaut Emblem', 'S', 0, 'Rasgo Juggernaut', 'El portador obtiene el rasgo Juggernaut.', 'Fotos tft/Items/Juggernaut Emblem.png'),
(128, 'Kraken\'s Fury', 'S', 35, 'Daño de ataque acumulado (x10)', 'Los ataques otorgan daño de ataque acumulable y luego velocidad de ataque.', 'Fotos tft/Items/Kraken\'s Fury.png'),
(129, 'Last Whisper', 'S', 30, 'Sunder (%)', 'Ataques y habilidades aplican Sunder durante 3 segundos.', 'Fotos tft/Items/Last Whisper.png'),
(130, 'Morellonomicon', 'A', 33, 'Wound (%)', 'Ataques y habilidades aplican Burn y Wound.', 'Fotos tft/Items/Morellonomicon.png'),
(131, 'Nashor\'s Tooth', 'S', 2, 'Maná adicional', 'Los ataques otorgan maná adicional.', 'Fotos tft/Items/Nashor\'s Tooth.png'),
(132, 'Noxus Emblem', 'A', 0, 'Rasgo Noxus', 'El portador obtiene el rasgo Noxus.', 'Fotos tft/Items/Noxus Emblem.png'),
(133, 'Protector\'s Vow', 'A', 20, 'Maná inicial', 'Al inicio del combate gana maná. Al 40% de vida gana más maná y un escudo.', 'Fotos tft/Items/Protector\'s Vow.png'),
(134, 'Quicksilver', 'B', 18, 'Inmunidad al control (s)', 'Inmunidad al control durante 18 segundos y velocidad de ataque acumulable.', 'Fotos tft/Items/Quicksilver.png'),
(135, 'Quickstriker Emblem', 'S', 0, 'Rasgo Quickstriker', 'El portador obtiene el rasgo Quickstriker.', 'Fotos tft/Items/Quickstriker Emblem.png'),
(136, 'Rabadon\'s Deathcap', 'A', 0, 'Ability Power', 'This humble hat can help you make, or unmake, the world itself.', 'Fotos tft/Items/Rabadon\'s Deathcap.png'),
(137, 'Red Buff', 'S', 33, 'Wound (%)', 'Ataques y habilidades aplican Burn y Wound.', 'Fotos tft/Items/Red Buff.png'),
(138, 'Slayer Emblem', 'B', 0, 'Rasgo Slayer', 'El portador obtiene el rasgo Slayer.', 'Fotos tft/Items/Slayer Emblem.png'),
(139, 'Spear of Shojin', 'S', 5, 'Maná adicional', 'Los ataques otorgan 5 de maná adicional.', 'Fotos tft/Items/Spear of Shojin.png'),
(140, 'Spirit Visage', 'A', 25, 'Curación de vida faltante (x10)', 'Regenera 2.5% de la vida faltante cada segundo.', 'Fotos tft/Items/Spirit Visage.png'),
(141, 'Steadfast Heart', 'S', 10, 'Durability (%)', 'Gana Durability, y todavía más por encima del 50% de vida.', 'Fotos tft/Items/Steadfast Heart.png'),
(142, 'Sterak\'s Gage', 'A', 50, 'Escudo (% vida máxima)', 'Al 60% de vida gana un escudo basado en la vida máxima.', 'Fotos tft/Items/Sterak\'s Gage.png'),
(143, 'Striker\'s Flail', 'S', 5, 'Damage Amp (%)', 'Los críticos otorgan Damage Amp acumulable.', 'Fotos tft/Items/Striker\'s Flail.png'),
(144, 'Sunfire Cape', 'A', 8, 'Vida máxima (%)', 'Gana vida máxima y aplica Burn y Wound a enemigos cercanos.', 'Fotos tft/Items/Sunfire Cape.png'),
(145, 'Tactician\'s Cape', 'S', 1, 'Tamaño máximo del equipo', 'Tu equipo gana +1 tamaño máximo.', 'Fotos tft/Items/Tactician\'s Cape.png'),
(146, 'Tactician\'s Crown', 'S', 1, 'Tamaño máximo del equipo', 'Tu equipo gana +1 tamaño máximo.', 'Fotos tft/Items/Tactician\'s Crown.png'),
(147, 'Tactician\'s Shield', 'S', 1, 'Tamaño máximo del equipo', 'Tu equipo gana +1 tamaño máximo.', 'Fotos tft/Items/Tactician\'s Shield.png'),
(148, 'Thief\'s Gloves', 'S', 2, 'Objetos aleatorios', 'Cada ronda: equipa 2 objetos aleatorios. Consume 3 espacios de objeto.', 'Fotos tft/Items/Thief\'s Gloves.png'),
(149, 'Titan\'s Resolve', 'A', 25, 'Acumulaciones máximas', 'Gana 2% de Attack Damage y 2% de Ability Power al atacar o recibir daño, acumulándose hasta 25 veces. Al máximo, gana 10% de Damage Amp e inmunidad al control de masas.', 'Fotos tft/Items/Titan\'s Resolve.png'),
(150, 'Vanquisher Emblem', 'A', 3, 'Probabilidad de oro', 'El portador obtiene el rasgo Vanquisher y un 3% de probabilidad de obtener 1 de oro en golpes críticos. Enfriamiento: 0.75 segundos.', 'Fotos tft/Items/Vanquisher Emblem.png'),
(151, 'Void Emblem', 'A', 0, 'Rasgo Void', 'El portador obtiene el rasgo Void.', 'Fotos tft/Items/Void Emblem.png'),
(152, 'Void Staff', 'A', 30, 'Shred', 'El daño de ataques y habilidades aplica un 30% de Shred al objetivo durante 5 segundos. Este efecto no se acumula.', 'Fotos tft/Items/Void Staff.png'),
(153, 'Warmog\'s Armor', 'S', 18, 'Vida máxima (%)', 'Gana un 18% de vida máxima.', 'Fotos tft/Items/Warmog\'s Armor.png'),
(154, 'Yordle Emblem', 'S', 0, 'Rasgo Yordle', 'El portador obtiene el rasgo Yordle.', 'Fotos tft/Items/Yordle Emblem.png'),
(155, 'Zaun Emblem', 'S', 0, 'Rasgo Zaun', 'El portador obtiene el rasgo Zaun.', 'Fotos tft/Items/Zaun Emblem.png'),
(156, 'Barknuckles', 'A', 2, 'Magic Resist reducido', 'Mientras esté por encima del 50% de vida, duplica la Armadura y Resistencia Mágica de este objeto. Cada 4 segundos, inflige daño mágico igual al 50% de la Armadura y Resistencia Mágica total actual a los 2 enemigos más cercanos.', 'Fotos tft/Items/Barknuckles.png'),
(157, 'Blackmarket Explosives', 'A', 15, 'Daño periódico', 'Cada 5 segundos, inflige 15 + 12% del daño infligido en los últimos 5 segundos como daño mágico al objetivo actual y a los 2 enemigos más cercanos.', 'Fotos tft/Items/Blackmarket Explosives.png'),
(158, 'Captain\'s Brew', 'B', 2, 'Burn y Chill', 'Los ataques y habilidades aplican Burn y Chill a los enemigos durante 2 segundos.', 'Fotos tft/Items/Captain\'s Brew.png'),
(159, 'Captain\'s Hat', 'S', 0, 'Efecto de Capitán', 'El portador se convierte en el Capitán y otorga un efecto especial a los aliados mientras siga con vida.', 'Fotos tft/Items/Captain\'s Hat.png'),
(160, 'Cutthroat\'s Cutlass', 'A', 35, 'Daño por sangrado', 'Dañar enemigos provoca Bleed, infligiendo un 35% de daño adicional durante 4 segundos.', 'Fotos tft/Items/Cutthroat\'s Cutlass.png'),
(161, 'Dead Mans Dagger', 'A', 12, 'Umbral de ejecución', 'Los ataques y habilidades ejecutan enemigos por debajo del 12% de vida. Al conseguir una baja, gana 10% de Attack Damage y 10% de Ability Power.', 'Fotos tft/Items/Dead Mans Dagger.png'),
(162, 'Dreadway Cannon', 'S', 50, 'Daño de cañón', 'Cada 4 segundos, lanza balas de cañón al objetivo del portador, infligiendo daño equivalente al 50% del daño recibido durante los últimos 4 segundos.', 'Fotos tft/Items/Dreadway Cannon.png'),
(163, 'First Mate\'s Flintlock', 'A', 3, 'AD y Attack Speed por segundo', 'Cada segundo durante el combate, gana 3% de Attack Damage y 3% de Attack Speed.', 'Fotos tft/Items/First Mate\'s Flintlock.png'),
(164, 'Haunted Spyglass', 'S', 3, 'Bajas necesarias', 'Una vez por combate, después de 3 eliminaciones, invoca al fantasma del Dreadway, infligiendo 650% de daño mágico en un radio de 3 hexágonos.', 'Fotos tft/Items/Haunted Spyglass.png'),
(165, 'Lucky Doubloon', 'B', 1, 'Oro adicional', 'Al conseguir una baja, genera 1 de oro adicional.', 'Fotos tft/Items/Lucky Doubloon.png'),
(166, 'Pile O\' Citrus', 'A', 15, 'Curación de vida máxima', 'Cada 7 segundos, cura un 15% de la vida máxima y elimina todos los efectos negativos. Después de 15 segundos, gana 10 de maná.', 'Fotos tft/Items/Pile O\' Citrus.png'),
(167, 'Treasure Typhoon', 'S', 0, 'Tesoro', 'Invoca una ola gigantesca que trae tesoros valiosos desde las profundidades.', 'Fotos tft/Items/Treasure Typhoon.png');

-- --------------------------------------------------------

--
-- Estructura de tabla para la tabla `itemcomponente`
--

CREATE TABLE `itemcomponente` (
  `idItem` int(11) NOT NULL,
  `idComponente1` int(11) NOT NULL,
  `idComponente2` int(11) NOT NULL
) ENGINE=InnoDB DEFAULT CHARSET=utf8mb4 COLLATE=utf8mb4_general_ci;

--
-- Volcado de datos para la tabla `itemcomponente`
--

INSERT INTO `itemcomponente` (`idItem`, `idComponente1`, `idComponente2`) VALUES
(101, 6, 10),
(102, 3, 5),
(103, 5, 10),
(104, 9, 10),
(105, 1, 6),
(106, 10, 10),
(107, 2, 2),
(108, 3, 4),
(109, 5, 2),
(110, 1, 1),
(111, 3, 2),
(112, 9, 2),
(113, 6, 6),
(114, 1, 2),
(115, 6, 4),
(116, 9, 4),
(117, 2, 6),
(118, 1, 7),
(119, 7, 5),
(120, 10, 8),
(121, 1, 5),
(122, 1, 8),
(123, 3, 10),
(124, 9, 5),
(125, 5, 6),
(126, 5, 8),
(127, 3, 6),
(128, 6, 7),
(129, 7, 8),
(130, 5, 4),
(131, 7, 4),
(132, 9, 1),
(133, 10, 2),
(134, 8, 6),
(135, 3, 7),
(136, 5, 5),
(137, 7, 7),
(138, 3, 1),
(139, 1, 10),
(140, 10, 4),
(141, 2, 8),
(142, 1, 4),
(143, 4, 8),
(144, 2, 4),
(145, 9, 3),
(146, 9, 9),
(147, 3, 3);

-- --------------------------------------------------------

--
-- Estructura de tabla para la tabla `posicion`
--

CREATE TABLE `posicion` (
  `idPosicion` int(11) NOT NULL,
  `fila` int(11) DEFAULT NULL,
  `columna` char(1) DEFAULT NULL
) ENGINE=InnoDB DEFAULT CHARSET=utf8mb4 COLLATE=utf8mb4_general_ci;

--
-- Volcado de datos para la tabla `posicion`
--

INSERT INTO `posicion` (`idPosicion`, `fila`, `columna`) VALUES
(1, 1, 'A'),
(2, 1, 'B'),
(3, 1, 'C'),
(4, 1, 'D'),
(5, 1, 'E'),
(6, 1, 'F'),
(7, 1, 'G'),
(8, 2, 'A'),
(9, 2, 'B'),
(10, 2, 'C'),
(11, 2, 'D'),
(12, 2, 'E'),
(13, 2, 'F'),
(14, 2, 'G'),
(15, 3, 'A'),
(16, 3, 'B'),
(17, 3, 'C'),
(18, 3, 'D'),
(19, 3, 'E'),
(20, 3, 'F'),
(21, 3, 'G'),
(22, 4, 'A'),
(23, 4, 'B'),
(24, 4, 'C'),
(25, 4, 'D'),
(26, 4, 'E'),
(27, 4, 'F'),
(28, 4, 'G');

-- --------------------------------------------------------

--
-- Estructura de tabla para la tabla `rasgo`
--

CREATE TABLE `rasgo` (
  `idRasgo` int(11) NOT NULL,
  `nombreRasgo` varchar(50) DEFAULT NULL,
  `imagen` varchar(255) DEFAULT NULL
) ENGINE=InnoDB DEFAULT CHARSET=utf8mb4 COLLATE=utf8mb4_general_ci;

--
-- Volcado de datos para la tabla `rasgo`
--

INSERT INTO `rasgo` (`idRasgo`, `nombreRasgo`, `imagen`) VALUES
(1, 'Assimilator', 'Fotos tft/Rasgos/Assimilator.png'),
(2, 'Bilgewater', 'Fotos tft/Rasgos/Bilgewater.png'),
(3, 'Blacksmith', 'Fotos tft/Rasgos/Blacksmith.png'),
(4, 'Caretaker', 'Fotos tft/Rasgos/Caretaker.png'),
(5, 'Chainbreaker', 'Fotos tft/Rasgos/Chainbreaker.png'),
(6, 'Chronokeeper', 'Fotos tft/Rasgos/Chronokeeper.png'),
(7, 'Dark Child', 'Fotos tft/Rasgos/Dark Child.png'),
(8, 'Darkin', 'Fotos tft/Rasgos/Darkin.png'),
(9, 'Demacia', 'Fotos tft/Rasgos/Demacia.png'),
(10, 'Dragonborn', 'Fotos tft/Rasgos/Dragonborn.png'),
(11, 'Emperor', 'Fotos tft/Rasgos/Emperor.png'),
(12, 'Eternal', 'Fotos tft/Rasgos/Eternal.png'),
(13, 'Freljord', 'Fotos tft/Rasgos/Freljord.png'),
(14, 'Glutton', 'Fotos tft/Rasgos/Glutton.png'),
(15, 'Harvester', 'Fotos tft/Rasgos/Harvester.png'),
(16, 'HexMech', 'Fotos tft/Rasgos/HexMech.png'),
(17, 'Ionia', 'Fotos tft/Rasgos/Ionia.png'),
(18, 'Ixtal', 'Fotos tft/Rasgos/Ixtal.png'),
(19, 'Noxus', 'Fotos tft/Rasgos/Noxus.png'),
(20, 'Piltover', 'Fotos tft/Rasgos/Piltover.png'),
(21, 'Rune Mage', 'Fotos tft/Rasgos/Rune Mage.png'),
(22, 'Shadow Isles', 'Fotos tft/Rasgos/Shadow Isles.png'),
(23, 'Shurima', 'Fotos tft/Rasgos/Shurima.png'),
(24, 'Soulbound', 'Fotos tft/Rasgos/Soulbound.png'),
(25, 'Targon', 'Fotos tft/Rasgos/Targon.png'),
(26, 'Void', 'Fotos tft/Rasgos/Void.png'),
(27, 'World Ender', 'Fotos tft/Rasgos/World Ender.png'),
(28, 'Yordle', 'Fotos tft/Rasgos/Yordle.png'),
(29, 'Zaun', 'Fotos tft/Rasgos/Zaun.png'),
(30, 'Arcanist', 'Fotos tft/Rasgos/Arcanist.png'),
(31, 'Ascendant', 'Fotos tft/Rasgos/Ascendant.png'),
(32, 'Bruiser', 'Fotos tft/Rasgos/Bruiser.png'),
(33, 'Defender', 'Fotos tft/Rasgos/Defender.png'),
(34, 'Disruptor', 'Fotos tft/Rasgos/Disruptor.png'),
(35, 'Gunslinger', 'Fotos tft/Rasgos/Gunslinger.png'),
(36, 'Heroic', 'Fotos tft/Rasgos/Heroic.png'),
(37, 'Huntress', 'Fotos tft/Rasgos/Huntress.png'),
(38, 'Immortal', 'Fotos tft/Rasgos/Immortal.png'),
(39, 'Invoker', 'Fotos tft/Rasgos/Invoker.png'),
(40, 'Juggernaut', 'Fotos tft/Rasgos/Juggernaut.png'),
(41, 'Longshot', 'Fotos tft/Rasgos/Longshot.png'),
(42, 'Quickstriker', 'Fotos tft/Rasgos/Quickstriker.png'),
(43, 'Riftscourage', 'Fotos tft/Rasgos/Riftscourage.png'),
(44, 'Slayer', 'Fotos tft/Rasgos/Slayer.png'),
(45, 'Star Forger', 'Fotos tft/Rasgos/Star Forger.png'),
(46, 'The Boss', 'Fotos tft/Rasgos/The Boss.png'),
(47, 'Vanquisher', 'Fotos tft/Rasgos/Vanquisher.png'),
(48, 'Warden', 'Fotos tft/Rasgos/Warden.png');

-- --------------------------------------------------------

--
-- Estructura de tabla para la tabla `tftset`
--

CREATE TABLE `tftset` (
  `idSet` int(11) NOT NULL,
  `nombreSet` varchar(100) DEFAULT NULL,
  `numeroSet` int(11) DEFAULT NULL,
  `fechaLanzamiento` date DEFAULT NULL
) ENGINE=InnoDB DEFAULT CHARSET=utf8mb4 COLLATE=utf8mb4_general_ci;

--
-- Volcado de datos para la tabla `tftset`
--

INSERT INTO `tftset` (`idSet`, `nombreSet`, `numeroSet`, `fechaLanzamiento`) VALUES
(1, 'Lore & Legends', 16, '2025-12-03');

--
-- Índices para tablas volcadas
--

--
-- Indices de la tabla `campeon`
--
ALTER TABLE `campeon`
  ADD PRIMARY KEY (`idCampeon`),
  ADD KEY `idSet` (`idSet`);

--
-- Indices de la tabla `campeonbloqueado`
--
ALTER TABLE `campeonbloqueado`
  ADD PRIMARY KEY (`idCampeon`);

--
-- Indices de la tabla `campeonrasgo`
--
ALTER TABLE `campeonrasgo`
  ADD PRIMARY KEY (`idCampeon`,`idRasgo`),
  ADD KEY `idRasgo` (`idRasgo`);

--
-- Indices de la tabla `campeonstats`
--
ALTER TABLE `campeonstats`
  ADD PRIMARY KEY (`idCampeon`,`nivelEstrella`);

--
-- Indices de la tabla `componente`
--
ALTER TABLE `componente`
  ADD PRIMARY KEY (`idComponente`);

--
-- Indices de la tabla `composicion`
--
ALTER TABLE `composicion`
  ADD PRIMARY KEY (`idComposicion`);

--
-- Indices de la tabla `composicioncampeon`
--
ALTER TABLE `composicioncampeon`
  ADD PRIMARY KEY (`idCompCampeon`),
  ADD KEY `idCampeon` (`idCampeon`),
  ADD KEY `idPosicion` (`idPosicion`),
  ADD KEY `idx_composicioncampeon_idComposicion` (`idComposicion`);

--
-- Indices de la tabla `composicioncampeonitem`
--
ALTER TABLE `composicioncampeonitem`
  ADD PRIMARY KEY (`idCompCampeon`,`slotItem`),
  ADD KEY `idItem` (`idItem`);

--
-- Indices de la tabla `composicionrasgo`
--
ALTER TABLE `composicionrasgo`
  ADD PRIMARY KEY (`idComposicion`,`idRasgo`),
  ADD KEY `idRasgo` (`idRasgo`);

--
-- Indices de la tabla `escalonrasgo`
--
ALTER TABLE `escalonrasgo`
  ADD PRIMARY KEY (`idRasgo`,`umbral`);

--
-- Indices de la tabla `item`
--
ALTER TABLE `item`
  ADD PRIMARY KEY (`idItem`);

--
-- Indices de la tabla `itemcomponente`
--
ALTER TABLE `itemcomponente`
  ADD PRIMARY KEY (`idItem`),
  ADD KEY `idComponente1` (`idComponente1`),
  ADD KEY `idComponente2` (`idComponente2`);

--
-- Indices de la tabla `posicion`
--
ALTER TABLE `posicion`
  ADD PRIMARY KEY (`idPosicion`),
  ADD UNIQUE KEY `fila` (`fila`,`columna`);

--
-- Indices de la tabla `rasgo`
--
ALTER TABLE `rasgo`
  ADD PRIMARY KEY (`idRasgo`),
  ADD UNIQUE KEY `nombreRasgo` (`nombreRasgo`);

--
-- Indices de la tabla `tftset`
--
ALTER TABLE `tftset`
  ADD PRIMARY KEY (`idSet`),
  ADD UNIQUE KEY `nombreSet` (`nombreSet`);

--
-- Restricciones para tablas volcadas
--

--
-- Filtros para la tabla `campeon`
--
ALTER TABLE `campeon`
  ADD CONSTRAINT `campeon_ibfk_1` FOREIGN KEY (`idSet`) REFERENCES `tftset` (`idSet`);

--
-- Filtros para la tabla `campeonbloqueado`
--
ALTER TABLE `campeonbloqueado`
  ADD CONSTRAINT `campeonbloqueado_ibfk_1` FOREIGN KEY (`idCampeon`) REFERENCES `campeon` (`idCampeon`);

--
-- Filtros para la tabla `campeonrasgo`
--
ALTER TABLE `campeonrasgo`
  ADD CONSTRAINT `campeonrasgo_ibfk_1` FOREIGN KEY (`idCampeon`) REFERENCES `campeon` (`idCampeon`),
  ADD CONSTRAINT `campeonrasgo_ibfk_2` FOREIGN KEY (`idRasgo`) REFERENCES `rasgo` (`idRasgo`);

--
-- Filtros para la tabla `campeonstats`
--
ALTER TABLE `campeonstats`
  ADD CONSTRAINT `campeonstats_ibfk_1` FOREIGN KEY (`idCampeon`) REFERENCES `campeon` (`idCampeon`);

--
-- Filtros para la tabla `composicioncampeon`
--
ALTER TABLE `composicioncampeon`
  ADD CONSTRAINT `composicioncampeon_ibfk_2` FOREIGN KEY (`idCampeon`) REFERENCES `campeon` (`idCampeon`),
  ADD CONSTRAINT `composicioncampeon_ibfk_3` FOREIGN KEY (`idPosicion`) REFERENCES `posicion` (`idPosicion`),
  ADD CONSTRAINT `fk_composicioncampeon_composicion` FOREIGN KEY (`idComposicion`) REFERENCES `composicion` (`idComposicion`);

--
-- Filtros para la tabla `composicioncampeonitem`
--
ALTER TABLE `composicioncampeonitem`
  ADD CONSTRAINT `composicioncampeonitem_ibfk_1` FOREIGN KEY (`idCompCampeon`) REFERENCES `composicioncampeon` (`idCompCampeon`),
  ADD CONSTRAINT `composicioncampeonitem_ibfk_2` FOREIGN KEY (`idItem`) REFERENCES `item` (`idItem`);

--
-- Filtros para la tabla `composicionrasgo`
--
ALTER TABLE `composicionrasgo`
  ADD CONSTRAINT `composicionrasgo_ibfk_1` FOREIGN KEY (`idComposicion`) REFERENCES `composicion` (`idComposicion`),
  ADD CONSTRAINT `composicionrasgo_ibfk_2` FOREIGN KEY (`idRasgo`) REFERENCES `rasgo` (`idRasgo`);

--
-- Filtros para la tabla `escalonrasgo`
--
ALTER TABLE `escalonrasgo`
  ADD CONSTRAINT `escalonrasgo_ibfk_1` FOREIGN KEY (`idRasgo`) REFERENCES `rasgo` (`idRasgo`);

--
-- Filtros para la tabla `itemcomponente`
--
ALTER TABLE `itemcomponente`
  ADD CONSTRAINT `itemcomponente_ibfk_1` FOREIGN KEY (`idItem`) REFERENCES `item` (`idItem`),
  ADD CONSTRAINT `itemcomponente_ibfk_2` FOREIGN KEY (`idComponente1`) REFERENCES `componente` (`idComponente`),
  ADD CONSTRAINT `itemcomponente_ibfk_3` FOREIGN KEY (`idComponente2`) REFERENCES `componente` (`idComponente`);
COMMIT;

/*!40101 SET CHARACTER_SET_CLIENT=@OLD_CHARACTER_SET_CLIENT */;
/*!40101 SET CHARACTER_SET_RESULTS=@OLD_CHARACTER_SET_RESULTS */;
/*!40101 SET COLLATION_CONNECTION=@OLD_COLLATION_CONNECTION */;
